class,type,cbo,cboModified,fanin,fanout,wmc,dit,noc,rfc,lcom,lcom*,tcc,lcc,totalMethodsQty,staticMethodsQty,publicMethodsQty,privateMethodsQty,protectedMethodsQty,defaultMethodsQty,visibleMethodsQty,abstractMethodsQty,finalMethodsQty,synchronizedMethodsQty,totalFieldsQty,staticFieldsQty,publicFieldsQty,privateFieldsQty,protectedFieldsQty,defaultFieldsQty,finalFieldsQty,synchronizedFieldsQty,nosi,loc,returnQty,loopQty,comparisonsQty,tryCatchQty,parenthesizedExpsQty,stringLiteralsQty,numbersQty,assignmentsQty,mathOperationsQty,variablesQty,maxNestedBlocksQty,anonymousClassesQty,innerClassesQty,lambdasQty,uniqueWordsQty,modifiers,logStatementsQty
org.nlpcn.es4sql.query.join.ESHashJoinQueryAction,class,12,14,2,12,21,3,0,27,28,0,0,0,8,0,1,4,3,0,4,0,0,0,0,0,0,0,0,0,0,0,1,78,6,5,4,0,3,4,0,15,1,12,4,0,0,0,65,1,0
org.nlpcn.es4sql.SearchDao,class,3,18,15,3,4,1,0,2,0,0.5,0.5,0.5,3,0,3,0,0,0,4,0,0,0,2,1,0,2,0,0,1,0,1,19,2,0,0,0,0,4,0,3,0,2,0,0,0,0,37,1,0
org.elasticsearch.join.aggregations.ChildrenAggregationBuilder,class,20,23,3,20,26,2,0,14,64,0.85,0.175,0.175,16,1,8,0,8,0,16,0,0,0,5,2,1,4,0,0,3,0,2,90,13,1,9,0,1,14,0,13,4,9,3,0,0,0,101,1,0
org.elasticsearch.plugin.nlpcn.MinusOneFieldAndOptimizationResult,class,1,2,1,1,3,1,0,0,0,0.33333334,0.6666667,1,3,0,2,0,0,1,3,0,0,0,2,0,0,2,0,0,0,0,0,14,2,0,0,0,0,0,0,2,0,2,0,0,0,0,13,0,0
org.elasticsearch.plugin.nlpcn.UnionExecutor,class,9,11,2,9,13,1,0,35,4,0.65,0.6666667,1,5,0,3,2,0,0,3,0,0,0,4,0,0,4,0,0,0,0,4,68,1,2,2,0,0,2,4,22,2,18,4,0,0,0,58,1,0
org.nlpcn.es4sql.query.maker.QueryMaker,class,10,19,9,10,24,2,0,31,10,0,0,0,5,2,2,3,0,0,2,0,0,0,0,0,0,0,0,0,0,0,3,78,5,2,9,1,2,2,1,11,1,7,4,0,0,0,37,1,0
org.nlpcn.es4sql.parse.SqlParser,class,43,52,9,43,102,1,0,126,406,0,0,0,29,0,6,23,0,0,6,0,0,0,0,0,0,0,0,0,0,0,12,367,33,17,22,0,17,25,9,91,10,82,4,0,0,0,170,1,0
org.nlpcn.es4sql.spatial.CellFilterParams,class,1,2,1,1,5,1,0,0,0,0.46666667,0.6,1,5,0,5,0,0,0,5,0,0,0,3,0,0,3,0,0,0,0,0,22,3,0,0,0,0,0,0,3,0,3,0,0,0,0,16,1,0
org.nlpcn.es4sql.parse.CastParser$DataType,enum,0,0,0,0,0,1,0,0,0,0,-1,-1,0,0,0,0,0,0,0,0,0,0,0,0,0,0,0,0,0,0,0,1,0,0,0,0,0,0,0,0,0,0,0,0,0,0,9,2,0
org.nlpcn.es4sql.exception.SqlParseException,class,0,23,23,0,1,3,0,0,0,0,NaN,NaN,1,0,1,0,0,0,1,0,0,0,1,1,0,1,0,0,1,0,0,6,0,0,0,0,0,0,1,1,0,1,0,0,0,0,11,1,0
org.nlpcn.es4sql.MainTestSuite,class,40,53,13,40,27,1,0,80,0,0.5952381,0.4888889,0.62222224,21,21,10,11,0,0,10,0,0,0,2,2,0,2,0,0,0,0,51,168,7,0,3,0,0,189,5,29,12,30,2,0,0,3,146,1,0
org.nlpcn.es4sql.WktToGeoJsonConverterTests,class,2,3,1,2,21,1,0,2,210,0,0,0,21,0,21,0,0,0,21,0,0,0,0,0,0,0,0,0,0,0,21,128,0,0,0,0,0,42,0,63,0,63,0,0,0,0,48,1,0
org.nlpcn.es4sql.SQLFunctionsTest,class,19,21,2,19,27,1,0,37,141,0.7777778,0.06593407,0.06593407,18,1,14,4,0,0,14,0,0,0,1,1,0,1,0,0,0,0,14,133,4,0,8,0,18,67,18,58,23,58,0,0,0,0,134,1,0
org.nlpcn.es4sql.jdbc.ObjectResult,class,0,2,2,0,3,1,0,0,0,0.33333334,0.6666667,1,3,0,3,0,0,0,3,0,0,0,2,0,0,2,0,0,2,0,0,14,2,0,0,0,0,0,0,2,0,2,0,0,0,0,11,1,0
org.nlpcn.es4sql.domain.hints.HintType,enum,0,1,1,0,0,1,0,0,0,0,-1,-1,0,0,0,0,0,0,0,0,0,0,0,0,0,0,0,0,0,0,0,1,0,0,0,0,0,0,0,0,0,0,0,0,0,0,19,1,0
org.elasticsearch.aggregations.pipeline.MovFnPipelineAggregationBuilder,class,18,20,2,18,35,2,0,32,44,0.74000007,0.34761906,0.5714286,20,1,13,0,6,1,21,0,0,0,10,4,2,8,0,0,6,0,7,142,18,0,8,0,0,16,6,21,6,17,2,0,0,3,133,1,0
org.nlpcn.es4sql.query.join.TableInJoinRequestBuilder,class,3,8,5,3,11,1,0,0,45,0.8181818,0.09090909,0.09090909,11,0,11,0,0,0,11,0,0,0,5,0,0,5,0,0,0,0,0,39,5,0,0,0,0,0,0,5,0,5,0,0,0,0,25,1,0
org.nlpcn.es4sql.query.multi.MultiQueryRequestBuilder,class,11,20,9,11,20,1,0,17,75,0.81111115,0.16483517,0.6043956,15,0,14,1,0,0,14,0,0,0,6,0,0,6,0,0,0,0,1,77,12,1,1,1,0,1,0,9,0,9,2,0,0,0,50,1,0
org.nlpcn.es4sql.parse.CastParser,class,5,6,1,5,11,1,0,12,0,0.4166667,1,1,3,0,3,0,0,0,3,0,0,0,4,0,0,4,0,0,0,0,16,51,2,0,6,1,0,12,0,7,3,7,2,0,1,0,39,1,0
org.nlpcn.es4sql.domain.Query,class,3,15,12,3,15,1,2,9,33,0.8,0.13333334,0.13333334,10,0,10,0,0,0,10,0,0,0,5,0,0,5,0,0,2,0,0,52,8,2,2,0,0,0,5,14,0,10,2,0,0,0,33,1025,0
org.nlpcn.es4sql.CSVResultsExtractorTests,class,8,10,2,8,29,1,0,22,378,0,0,0,28,0,23,5,0,0,23,0,0,0,0,0,0,0,0,0,0,0,25,315,5,0,0,0,0,195,98,97,3,97,1,0,0,0,123,1,0
org.nlpcn.es4sql.TestsConstants,class,0,0,0,0,0,1,0,0,0,NaN,-1,-1,0,0,0,0,0,0,0,0,0,0,16,16,16,0,0,0,16,0,0,18,0,0,0,0,0,16,0,16,13,16,0,0,0,0,30,1,0
org.elasticsearch.plugin.nlpcn.SqlPlug,class,25,25,0,25,5,2,0,2,10,0,0,0,5,0,5,0,0,0,5,0,0,0,0,0,0,0,0,0,0,0,2,16,4,0,0,0,0,2,0,0,0,0,0,0,0,0,46,1,0
org.nlpcn.es4sql.query.SqlElasticRequestBuilder,interface,3,23,20,3,4,1,0,0,6,0,0,0,4,0,0,0,0,4,4,0,0,0,0,0,0,0,0,0,0,0,0,6,0,0,0,0,0,0,0,0,0,0,0,0,0,0,13,1,0
org.elasticsearch.plugin.nlpcn.ElasticUtils,class,9,12,3,9,6,1,0,22,1,0,0,0,2,2,2,0,0,0,2,0,0,0,0,0,0,0,0,0,0,0,0,37,3,1,2,0,0,17,2,10,0,9,1,0,0,0,43,1,0
org.nlpcn.es4sql.parse.SelectParser,class,0,0,0,0,0,1,0,0,0,0,-1,-1,0,0,0,0,0,0,0,0,0,0,0,0,0,0,0,0,0,0,0,2,0,0,0,0,0,0,0,0,0,0,0,0,0,0,6,1,0
org.nlpcn.es4sql.query.ShowQueryAction,class,5,7,2,5,6,2,0,12,0,0,1,1,2,0,2,0,0,0,2,0,0,0,1,0,0,1,0,0,0,0,0,42,1,0,0,0,0,7,4,8,0,6,3,1,0,0,22,1,0
com.alibaba.druid.pool.ElasticSearchConnection,class,4,6,2,4,56,1,0,0,1532,0.9553572,0.002597403,0.003896104,56,0,56,0,0,0,56,0,0,0,2,0,0,2,0,0,1,0,0,157,38,0,0,0,0,0,2,4,0,2,0,0,0,0,95,1,0
org.elasticsearch.reindex.BulkIndexByScrollResponseContentListener,class,8,10,2,8,8,2,0,9,1,0.33333334,1,1,3,0,2,1,0,0,2,0,0,0,1,0,0,1,0,0,1,0,0,31,2,2,0,0,0,0,0,6,0,3,2,0,0,0,35,1,0
com.zhongshu.ZhongshuTest,class,7,7,0,7,23,1,0,7,0,0.21428572,0.9047619,0.9047619,21,0,21,0,0,0,21,0,0,0,2,0,0,0,0,2,0,0,14,98,0,0,2,0,0,272,0,34,11,15,0,0,0,0,166,1,0
org.elasticsearch.plugin.nlpcn.executors.CSVResultsExtractor,class,24,28,4,24,95,1,0,121,137,0.8333333,0.33333334,0.33333334,18,2,3,15,0,0,3,0,0,0,6,0,0,6,0,0,3,0,21,376,24,19,4,0,14,50,23,86,15,77,5,0,0,2,159,1,0
org.nlpcn.es4sql.parse.NestedType,class,12,18,6,12,24,1,0,22,3,0.7142857,0.4,1,6,0,6,0,0,0,6,0,0,0,7,0,3,4,0,0,0,0,4,79,9,0,7,0,4,10,10,25,0,17,4,0,0,1,69,1,0
org.nlpcn.es4sql.MethodQueryTest,class,5,6,1,5,5,1,0,4,10,0,0,0,5,0,5,0,0,0,5,0,0,0,0,0,0,0,0,0,0,0,5,22,0,0,0,0,0,5,0,5,0,5,0,0,0,0,43,1,0
org.nlpcn.es4sql.query.join.NestedLoopsElasticRequestBuilder,class,4,7,3,4,9,2,0,3,3,0.5,0.4,0.4,6,0,6,0,0,0,6,0,0,0,2,0,0,2,0,0,0,0,1,32,3,0,2,1,0,3,1,9,1,7,2,0,0,0,44,1,0
org.nlpcn.es4sql.spatial.RangeDistanceFilterParams,class,2,3,1,2,3,2,0,1,1,0.33333334,0.33333334,0.33333334,3,0,3,0,0,0,3,0,0,0,1,0,0,1,0,0,0,0,0,13,2,0,0,0,0,0,0,1,0,1,0,0,0,0,14,1,0
com.alibaba.druid.pool.ElasticSearchResultSet,class,5,7,2,5,227,1,0,13,17212,0.9208334,0.030650087,0.04253927,192,0,192,0,0,0,192,0,0,0,5,0,0,5,0,0,0,0,0,605,98,0,17,0,16,1,54,54,17,16,4,0,0,0,134,1,0
org.nlpcn.es4sql.query.maker.AggMaker,class,41,43,2,41,223,1,0,160,192,0.8333334,1,1,21,0,4,17,0,0,4,0,0,0,2,1,0,2,0,0,1,0,29,758,53,21,17,6,9,213,32,154,25,115,7,0,0,1,207,1,0
org.nlpcn.es4sql.parse.WhereParser,class,37,43,6,37,139,1,0,85,57,0.7368421,0.8666667,1,19,0,6,13,0,0,6,0,0,0,4,0,0,4,0,0,0,0,40,437,29,3,9,0,21,86,18,147,12,89,7,0,0,0,139,1,0
org.nlpcn.es4sql.domain.hints.Hint,class,1,15,14,1,3,1,0,0,0,0.33333334,0.6666667,1,3,0,3,0,0,0,3,0,0,0,2,0,0,2,0,0,0,0,0,14,2,0,0,0,0,0,0,2,0,2,0,0,0,0,10,1,0
org.elasticsearch.plugin.nlpcn.GetIndexRequestRestListener,class,10,13,3,10,14,2,0,19,8,0.6,1,1,5,0,2,3,0,0,2,0,0,0,1,0,0,1,0,0,0,0,0,63,1,4,2,0,0,2,0,3,1,3,3,0,1,0,43,1,0
org.elasticsearch.plugin.nlpcn.HashJoinComparisonStructure,class,3,4,1,3,10,1,0,13,0,0.4,0.7,1,5,0,5,0,0,0,5,0,0,0,2,0,0,2,0,0,0,0,2,39,3,2,3,0,0,0,1,9,0,8,1,0,0,0,34,1,0
com.alibaba.druid.pool.ElasticSearchDruidPooledConnection,class,6,8,2,6,10,2,0,13,6,0,0,0,4,0,3,1,0,0,3,0,0,0,0,0,0,0,0,0,0,0,0,53,2,0,2,2,0,0,0,12,0,8,2,0,0,0,34,1,0
org.elasticsearch.plugin.nlpcn.NestedLoopsElasticExecutor,class,19,21,2,19,40,2,0,67,0,0.3888889,1,1,9,0,1,7,1,0,2,0,0,0,2,0,0,2,0,0,2,0,2,160,7,7,9,1,0,8,8,51,9,41,3,0,1,0,139,1,0
com.alibaba.druid.pool.ElasticSearchDruidDataSource$CreateConnectionTask,innerclass,3,3,0,3,35,1,0,13,4,0.625,0,0,4,0,3,1,0,0,3,0,0,0,2,0,0,2,0,0,0,0,0,140,9,1,3,7,3,6,6,12,3,5,5,0,0,0,67,1,6
org.elasticsearch.plugin.nlpcn.SearchHitsResult,class,1,4,3,1,6,1,0,0,0,0.4166667,0.6,1,6,0,6,0,0,0,6,0,0,0,2,0,0,2,0,0,0,0,0,23,2,0,0,0,0,0,0,5,0,2,0,0,0,0,16,1,0
org.nlpcn.es4sql.domain.From,class,0,3,3,0,12,1,0,7,10,0.625,0.32142857,0.4642857,8,0,8,0,0,0,8,0,0,0,3,0,0,3,0,0,0,0,0,45,4,0,1,0,0,3,6,11,1,5,3,0,0,0,28,1,0
org.nlpcn.es4sql.domain.Paramer,class,16,18,2,16,55,1,0,31,0,0.5625,0.75,0.75,8,8,8,0,0,0,8,0,0,0,12,0,3,9,0,0,0,0,18,191,8,2,29,0,3,12,4,19,1,16,5,0,0,0,61,1,0
org.nlpcn.es4sql.domain.SearchResult,class,15,16,1,15,25,1,0,22,31,0.6969697,0.42857143,0.5714286,11,0,8,3,0,0,8,0,0,0,3,0,0,2,0,1,0,0,0,100,9,5,4,0,3,6,4,21,1,13,2,0,0,0,52,1,0
com.alibaba.druid.pool.ElasticSearchDruidDataSource$DestroyTask,innerclass,1,1,0,1,3,1,0,3,1,0,0,0,2,0,2,0,0,0,2,0,0,0,0,0,0,0,0,0,0,0,0,10,0,0,0,0,0,0,0,0,0,0,1,0,0,0,9,1,0
org.elasticsearch.plugin.nlpcn.ComperableHitResult,class,3,6,3,3,13,1,0,10,3,0.6428572,0.42857143,1,7,0,7,0,0,0,7,0,0,0,4,0,0,4,0,0,0,0,1,48,9,1,4,0,0,1,1,11,0,10,2,0,0,0,35,1,0
org.nlpcn.es4sql.query.DefaultQueryAction,class,22,32,10,22,42,2,0,75,0,0.5,0.6,1,12,0,6,6,0,0,6,0,0,0,3,0,0,3,0,0,1,0,2,172,4,5,14,0,0,8,20,23,1,20,5,0,0,0,126,1,0
org.nlpcn.es4sql.Util,class,28,49,21,28,79,1,0,57,171,0,0,0,19,19,19,0,0,0,19,0,0,0,0,0,0,0,0,0,0,0,12,234,39,9,7,3,18,27,14,51,14,37,3,0,0,0,142,1,0
org.nlpcn.es4sql.parse.ScriptFilter,class,6,12,6,6,20,1,0,18,0,0.5,0.6666667,1,8,0,7,1,0,0,7,0,0,0,3,0,0,3,0,0,0,0,3,72,10,1,3,0,1,6,5,17,0,11,2,0,0,0,42,1,0
org.nlpcn.es4sql.DeleteTest,class,9,11,2,9,4,1,0,19,6,0,0,0,4,0,3,1,0,0,3,0,0,0,0,0,0,0,0,0,0,0,5,21,0,0,0,0,0,2,2,5,0,5,0,0,0,0,48,1,0
org.elasticsearch.plugin.nlpcn.executors.CSVResult,class,0,4,4,0,5,1,0,0,0,0.46666667,0.6,1,5,0,5,0,0,0,5,0,0,0,3,0,0,3,0,0,2,0,0,23,3,0,0,0,0,0,0,5,0,3,0,0,0,0,15,1,0
org.elasticsearch.plugin.nlpcn.QueryActionElasticExecutor,class,22,28,6,22,16,1,0,27,13,0.6666667,0.06666667,0.06666667,6,6,6,0,0,0,6,0,0,0,1,1,0,1,0,0,1,0,11,49,12,0,0,0,1,6,4,9,2,9,2,0,0,0,54,1,2
org.nlpcn.es4sql.query.ShowQueryAction$Anonymous1,anonymous,4,4,0,4,4,1,0,3,6,0,0,0,4,0,4,0,0,0,4,0,0,0,0,0,0,0,0,0,0,0,0,14,4,0,0,0,0,0,0,0,0,0,0,0,0,0,8,-1,0
org.nlpcn.es4sql.QueryTest,class,12,14,2,12,117,1,0,61,3321,0,0,0,82,0,79,3,0,0,79,0,0,0,0,0,0,0,0,0,0,0,102,598,3,29,2,0,23,232,139,224,5,221,2,0,0,0,263,1,0
org.elasticsearch.plugin.nlpcn.client.RequestConverter,class,60,62,2,60,69,1,0,140,134,0.6,0.2,0.2,20,0,14,6,0,0,15,0,0,0,1,0,0,1,0,0,1,0,46,434,29,7,0,10,1,7,5,54,0,107,3,0,0,53,119,1,0
org.nlpcn.es4sql.spatial.Point,class,0,7,7,0,3,1,0,0,0,0.33333334,0.6666667,1,3,0,3,0,0,0,3,0,0,0,2,0,0,2,0,0,0,0,0,14,2,0,0,0,0,0,0,2,0,2,0,0,0,0,10,1,0
org.nlpcn.es4sql.spatial.DistanceFilterParams,class,1,4,3,1,3,1,1,0,0,0.33333334,0.6666667,1,3,0,3,0,0,0,3,0,0,0,2,0,0,2,0,0,0,0,0,14,2,0,0,0,0,0,0,2,0,2,0,0,0,0,12,1,0
org.elasticsearch.plugin.nlpcn.executors.CSVResultRestExecutor,class,9,11,2,9,11,1,0,19,6,0,0,0,4,0,2,2,0,0,2,0,0,0,0,0,0,0,0,0,0,0,4,61,3,0,0,0,0,26,0,32,0,27,1,0,0,0,47,1,0
org.nlpcn.es4sql.query.ESActionFactory,class,32,36,4,32,23,1,0,44,28,0,0,0,8,8,2,6,0,0,2,0,0,0,0,0,0,0,0,0,0,0,17,99,11,3,2,1,2,10,1,19,2,18,2,0,0,0,77,1,0
org.nlpcn.es4sql.query.SqlElasticSearchRequestBuilder,class,4,11,7,4,6,1,0,3,0,0,1,1,6,0,6,0,0,0,6,0,0,0,1,0,0,0,0,1,0,0,0,21,5,0,0,0,0,0,0,1,0,1,0,0,0,0,16,1,0
org.nlpcn.es4sql.query.multi.MultiQueryAction,class,12,16,4,12,13,2,0,18,9,0.5,0.33333334,0.33333334,6,0,2,3,1,0,3,0,0,0,1,0,0,1,0,0,0,0,0,51,7,2,1,0,0,1,0,10,0,9,2,0,0,0,51,1,0
org.nlpcn.es4sql.parse.SQLParensIdentifierExpr,class,4,6,2,4,6,2,0,1,13,0.6666667,0.06666667,0.06666667,6,0,5,0,1,0,6,0,0,0,1,0,0,1,0,0,0,0,0,21,1,0,0,0,0,0,0,1,0,1,0,0,0,0,46,1,0
org.elasticsearch.plugin.nlpcn.executors.ActionRequestRestExecuterFactory,class,3,5,2,3,4,1,0,2,0,0,NaN,NaN,1,1,1,0,0,0,1,0,0,0,0,0,0,0,0,0,0,0,0,11,3,0,1,0,0,2,0,0,0,0,1,0,0,0,19,1,0
org.elasticsearch.plugin.nlpcn.IntersectExecutor,class,10,12,2,10,19,1,0,52,12,0.7,0.33333334,0.33333334,8,0,3,5,0,0,3,0,0,0,5,0,0,5,0,0,0,0,4,100,3,6,0,0,0,0,4,32,1,29,3,0,0,0,67,1,0
org.elasticsearch.plugin.nlpcn.ActionRequestRestExecuter,class,12,13,1,12,7,1,0,11,0,0,1,1,3,0,2,1,0,0,2,0,0,0,3,0,0,3,0,0,0,0,2,33,0,0,0,0,0,2,0,5,0,5,1,0,0,0,45,1,0
org.nlpcn.es4sql.SourceFieldTest,class,8,10,2,8,10,1,0,15,6,0,0,0,4,0,3,1,0,0,3,0,0,0,0,0,0,0,0,0,0,0,4,35,1,6,0,0,1,18,0,8,0,8,2,0,0,0,37,1,0
org.nlpcn.es4sql.parse.ChildrenType,class,10,15,5,10,9,1,0,11,0,0.375,1,1,2,0,2,0,0,0,2,0,0,0,4,0,3,1,0,0,0,0,3,32,4,0,2,0,1,3,4,11,0,10,2,0,0,0,47,1,0
org.nlpcn.es4sql.parse.ElasticSqlSelectParser,class,31,34,3,31,99,2,0,90,105,0.93333334,0,0,15,0,9,2,4,0,13,0,0,0,2,0,0,0,2,0,0,0,0,432,14,5,40,0,6,17,0,36,3,30,4,0,0,0,82,1,0
org.nlpcn.es4sql.query.QueryAction,class,11,43,32,11,88,1,6,58,120,0.9375,0,0,16,0,2,1,13,0,15,1,0,0,2,0,0,0,2,0,0,0,4,204,3,15,26,4,6,19,25,22,3,19,3,0,0,0,98,1025,0
org.nlpcn.es4sql.MultiQueryTests,class,10,12,2,10,33,1,0,28,345,0.76666665,0.17786561,0.17786561,30,0,23,7,0,0,23,0,0,0,2,2,0,2,0,0,0,0,15,165,1,3,0,0,0,102,26,40,16,40,1,0,0,0,106,1,0
org.nlpcn.es4sql.domain.Condition,class,9,23,14,9,74,2,0,16,216,0.8189655,0.19211823,0.864532,29,0,29,0,0,0,29,0,0,0,12,0,0,12,0,0,0,0,1,322,23,0,6,1,0,58,0,87,8,18,2,0,1,0,69,1,0
org.elasticsearch.join.query.HasChildQueryBuilder,class,17,20,3,17,47,2,0,45,0,0.7734554,0.41558442,0.74025977,23,1,15,1,7,0,22,0,0,0,19,12,4,15,0,0,15,0,8,212,17,1,11,0,1,24,3,56,8,33,3,0,0,0,151,1,0
org.nlpcn.es4sql.parse.SQLOdbcExpr,class,2,3,1,2,7,2,0,9,10,1,0,0,5,0,4,0,1,0,5,0,0,0,1,1,0,1,0,0,1,0,0,29,1,0,2,0,2,7,2,2,0,2,1,0,0,0,32,1,0
org.elasticsearch.plugin.nlpcn.RestSqlAction,class,13,15,2,13,10,2,0,29,6,1,0,0,4,0,2,0,2,0,4,0,0,0,1,1,0,1,0,0,1,0,5,50,6,1,1,2,0,19,0,13,0,15,4,0,0,3,55,1,0
org.nlpcn.es4sql.spatial.SpatialParamsFactory,class,7,8,1,7,19,1,0,10,1,0.5,0,0,2,2,2,0,0,0,3,0,0,0,1,1,1,0,0,0,0,0,15,64,8,1,6,0,1,19,32,23,6,17,2,0,0,0,60,1,0
com.alibaba.druid.pool.ElasticSearchDruidDataSource$Anonymous2,anonymous,0,0,0,0,1,1,0,1,0,0,NaN,NaN,1,0,1,0,0,0,1,0,0,0,0,0,0,0,0,0,0,0,0,7,1,0,0,0,0,0,0,1,0,0,0,0,0,0,4,-1,0
org.elasticsearch.plugin.nlpcn.executors.CsvExtractorException,class,0,1,1,0,1,3,0,0,0,0,NaN,NaN,1,0,1,0,0,0,1,0,0,0,0,0,0,0,0,0,0,0,0,5,0,0,0,0,0,0,0,0,0,0,0,0,0,0,8,1,0
org.nlpcn.es4sql.domain.MethodField,class,5,14,9,5,23,2,0,14,33,0.6363636,0.2,0.27272728,11,0,11,0,0,0,11,0,0,0,2,0,0,2,0,0,0,0,2,67,14,1,4,0,2,16,1,12,2,10,2,0,0,0,29,1,0
org.nlpcn.es4sql.domain.Order,class,1,5,4,1,17,1,0,0,108,0.86029404,0.10294118,0.19117647,17,0,17,0,0,0,17,0,0,0,8,0,0,8,0,0,0,0,0,63,8,0,0,0,0,0,0,11,0,8,0,0,0,0,23,1,0
org.nlpcn.es4sql.parse.FieldMaker,class,28,31,3,28,104,1,0,80,66,0,0,0,12,12,3,9,0,0,3,0,0,0,0,0,0,0,0,0,0,0,45,365,27,6,16,1,5,74,21,96,14,75,6,0,0,0,117,1,0
org.nlpcn.es4sql.domain.JoinSelect,class,5,12,7,5,13,1,0,0,60,0.8461538,0.115384616,0.17948718,13,0,13,0,0,0,13,0,0,0,8,1,1,7,0,0,0,0,0,51,7,0,0,0,0,0,1,9,0,8,0,0,0,0,38,1,0
org.elasticsearch.plugin.nlpcn.client.ResponseConverter,class,64,66,2,64,85,1,0,154,25,0.88085115,0.06666667,0.06666667,10,0,6,4,0,0,6,0,0,0,47,45,0,47,0,0,47,0,31,412,10,18,21,3,11,63,14,160,6,234,6,0,0,50,194,1,5
org.nlpcn.es4sql.parse.ElasticSqlStatementParser,class,304,306,2,304,1566,2,0,570,7056,0.98844093,0.00673259,0.022512097,120,0,71,22,27,0,98,0,0,0,31,30,0,31,0,0,30,0,4,7156,382,86,719,2,26,519,59,856,64,787,7,0,0,0,517,1,0
org.nlpcn.es4sql.query.multi.MultiQuerySelect,class,2,8,6,2,4,1,0,0,0,0.5,0.5,1,4,0,4,0,0,0,4,0,0,0,3,0,0,3,0,0,0,0,0,19,3,0,0,0,0,0,0,3,0,3,0,0,0,0,19,1,0
org.nlpcn.es4sql.domain.Where$CONN,enum,1,1,0,1,2,1,0,0,0,0,NaN,NaN,1,0,1,0,0,0,1,0,0,0,0,0,0,0,0,0,0,0,0,4,1,0,1,0,0,0,0,0,0,0,0,0,0,0,8,1,0
org.nlpcn.es4sql.JDBCTests,class,4,5,1,4,4,1,0,23,1,0,0,0,2,0,2,0,0,0,2,0,0,0,0,0,0,0,0,0,0,0,4,41,0,2,0,1,0,27,12,14,4,13,2,0,0,0,42,1,0
com.alibaba.druid.pool.ElasticSearchDruidDataSource$Anonymous1,anonymous,0,0,0,0,1,1,0,2,0,0,NaN,NaN,1,0,1,0,0,0,1,0,0,0,0,0,0,0,0,0,0,0,0,8,1,0,0,0,0,0,0,2,0,1,0,0,0,0,6,-1,0
org.elasticsearch.plugin.nlpcn.ElasticJoinExecutor,class,24,31,7,24,41,1,2,63,77,0.81333333,0.104761906,0.2,15,1,4,0,11,0,15,1,0,0,5,0,0,2,3,0,1,0,4,146,12,6,7,1,2,7,8,38,6,35,4,0,0,0,138,1025,0
org.nlpcn.es4sql.domain.Where,class,2,27,25,2,11,1,1,11,0,0.44444448,0.3611111,0.5833333,9,1,9,0,0,0,9,0,0,0,2,0,0,1,1,0,0,0,1,45,6,1,0,0,0,3,3,6,2,4,1,0,1,0,31,1,0
org.nlpcn.es4sql.jdbc.ObjectResultsExtractException,class,0,1,1,0,1,3,0,0,0,0,NaN,NaN,1,0,1,0,0,0,1,0,0,0,0,0,0,0,0,0,0,0,0,5,0,0,0,0,0,0,0,0,0,0,0,0,0,0,9,1,0
org.nlpcn.es4sql.domain.Field,class,3,25,22,3,28,1,1,5,14,0.625,0.44166666,1,16,0,15,0,1,0,16,0,0,0,4,0,0,3,1,0,0,0,0,67,15,0,11,0,2,0,0,14,0,6,1,0,0,0,34,1,0
org.nlpcn.es4sql.UtilTests,class,2,3,1,2,5,1,0,7,10,0,0,0,5,0,5,0,0,0,5,0,0,0,0,0,0,0,0,0,0,0,5,41,0,0,0,0,1,10,8,10,0,10,0,0,0,0,27,1,0
org.nlpcn.es4sql.JoinTests,class,10,12,2,10,103,1,0,60,2485,0,0,0,71,0,46,25,0,0,46,0,0,0,0,0,0,0,0,0,0,0,30,371,6,5,2,0,0,237,34,103,28,81,3,0,0,1,148,1,0
org.nlpcn.es4sql.query.AggregationQueryAction,class,26,29,3,26,108,2,0,107,63,0.64912283,1,1,19,0,2,17,0,0,2,0,0,0,3,0,0,3,0,0,1,0,4,399,20,10,19,0,10,27,34,63,12,48,7,0,0,2,149,1,0
com.alibaba.druid.pool.ElasticSearchPreparedStatement,class,14,17,3,14,151,1,0,24,6357,0.9608696,0.015800495,0.02284409,115,0,103,12,0,0,103,0,0,0,6,1,0,6,0,0,1,0,2,475,76,1,25,1,1,1,26,23,3,15,2,0,0,0,150,1,1
org.nlpcn.es4sql.spatial.WktToGeoJsonConverter,class,1,4,3,1,27,1,0,23,55,0,0,0,11,11,2,9,0,0,2,0,0,0,0,0,0,0,0,0,0,0,26,124,11,5,3,0,6,44,15,57,1,30,2,0,0,0,65,1,0
org.nlpcn.es4sql.query.join.JoinRequestBuilder,class,10,21,11,10,16,1,2,12,49,0.75714284,0.16666667,0.1923077,14,0,13,1,0,0,13,0,0,0,5,0,0,5,0,0,0,0,1,64,10,0,1,1,0,1,0,9,0,8,1,0,0,0,38,1,0
org.nlpcn.es4sql.AggregationTest,class,28,30,2,28,118,1,0,74,1485,0,0,0,55,0,53,2,0,0,53,0,0,0,0,0,0,0,0,0,0,0,80,592,2,34,2,0,27,224,142,214,15,212,2,0,0,0,224,1,0
org.nlpcn.es4sql.SqlParserTests,class,25,27,2,25,107,1,0,94,0,0.050632913,1,1,79,1,75,4,0,0,75,0,0,0,1,1,0,1,0,0,0,0,17,867,6,9,18,0,5,336,223,385,23,385,3,0,0,0,279,1,0
org.elasticsearch.aggregations.pipeline.BucketSelectorPipelineAggregationBuilder,class,13,15,2,13,36,2,0,33,13,0.53571427,0.34065935,0.4945055,14,1,9,0,5,0,14,0,0,0,4,1,1,3,0,0,3,0,5,135,12,4,14,0,2,26,1,27,8,15,4,0,0,0,99,1,0
org.nlpcn.es4sql.domain.Condition$OPEAR,enum,3,3,0,3,5,1,0,5,0,0.5,0,0,1,0,1,0,0,0,3,0,0,0,2,2,1,1,0,0,0,0,0,37,1,0,2,0,0,10,1,4,1,3,1,0,0,0,20,1,0
org.nlpcn.es4sql.spatial.BoundingBoxFilterParams,class,1,3,2,1,3,1,0,0,0,0.33333334,0.6666667,1,3,0,3,0,0,0,3,0,0,0,2,0,0,2,0,0,0,0,0,14,2,0,0,0,0,0,0,2,0,2,0,0,0,0,16,1,0
org.nlpcn.es4sql.domain.KVValue,class,0,9,9,0,5,1,0,2,0,0.16666667,1,1,3,0,3,0,0,0,3,0,0,0,2,0,2,0,0,0,0,0,0,21,2,0,2,0,0,3,0,3,1,2,1,0,0,0,10,1,0
org.nlpcn.es4sql.query.DeleteQueryAction,class,12,15,3,12,13,2,0,17,0,0.3,1,1,5,0,2,3,0,0,2,0,0,0,2,0,0,2,0,0,1,0,1,49,3,1,3,0,0,4,3,6,1,6,3,0,0,0,55,1,0
org.nlpcn.es4sql.SQLFunctions,class,11,14,3,11,141,1,0,78,703,0.9868421,0,0,38,38,15,23,0,0,15,0,0,0,2,2,2,0,0,0,1,0,110,493,52,9,18,0,5,348,88,130,88,74,3,0,0,0,139,1,0
org.nlpcn.es4sql.query.join.ESNestedLoopsQueryAction,class,8,9,1,8,8,3,0,12,10,0,0,0,5,0,1,1,3,0,4,0,0,0,0,0,0,0,0,0,0,0,0,27,2,1,1,0,1,3,1,5,2,4,2,0,0,0,41,1,0
org.elasticsearch.plugin.nlpcn.GetIndexRequestRestListener$Fields,innerclass,0,0,0,0,0,1,0,0,0,NaN,-1,-1,0,0,0,0,0,0,0,0,0,0,4,4,0,0,0,4,4,0,0,6,0,0,0,0,0,4,0,4,0,4,0,0,0,0,13,8,0
com.alibaba.druid.pool.ElasticSearchDruidDataSource$DestroyConnectionThread,innerclass,1,1,0,1,7,2,0,5,1,0,0,0,2,0,2,0,0,0,2,0,0,0,0,0,0,0,0,0,0,0,3,29,0,1,0,1,0,0,2,0,0,0,3,0,0,0,15,1,0
org.nlpcn.es4sql.domain.TableOnJoinSelect,class,2,8,6,2,7,3,0,0,15,0.7142857,0.14285715,0.14285715,7,0,7,0,0,0,7,0,0,0,3,0,0,3,0,0,0,0,0,25,3,0,0,0,0,0,0,3,0,3,0,0,0,0,17,1,0
org.elasticsearch.plugin.nlpcn.NamedXContentRegistryHolder,class,2,4,2,2,2,1,0,3,0,0,1,1,2,1,2,0,0,0,2,0,0,0,1,1,0,1,0,0,1,0,1,10,1,0,0,0,0,0,0,1,0,1,0,0,0,0,8,1,0
org.elasticsearch.plugin.nlpcn.ElasticHitsExecutor,interface,1,9,8,1,2,1,0,0,1,0,0,0,2,0,0,0,0,2,2,0,0,0,0,0,0,0,0,0,0,0,0,4,0,0,0,0,0,0,0,0,0,0,0,0,0,0,13,1,0
org.nlpcn.es4sql.parse.SubQueryExpression,class,2,6,4,2,6,1,0,3,1,0.5555556,0.46666667,1,6,0,6,0,0,0,6,0,0,0,3,0,0,3,0,0,0,0,0,25,3,0,0,0,0,0,1,5,0,3,0,0,0,0,18,1,0
org.elasticsearch.plugin.nlpcn.MetaSearchResult,class,0,3,3,0,11,1,0,0,29,0.74545455,0.23636363,0.6727273,11,0,11,0,0,0,11,0,0,0,5,0,0,5,0,0,0,0,0,43,5,0,0,0,0,0,3,9,0,5,0,0,0,0,30,1,0
com.alibaba.druid.pool.ElasticSearchDruidDataSource$CreateConnectionThread,innerclass,2,2,0,2,28,2,0,19,1,0,0,0,2,0,2,0,0,0,2,0,0,0,0,0,0,0,0,0,0,0,2,99,0,1,3,5,2,7,6,14,5,7,5,0,0,0,72,1,5
com.alibaba.druid.pool.ElasticSearchResultSetMetaDataBase,class,2,3,1,2,2,2,0,4,0,0,NaN,NaN,1,0,1,0,0,0,1,0,0,0,0,0,0,0,0,0,0,0,0,11,0,1,0,0,0,0,0,1,0,1,1,0,0,0,16,1,0
org.nlpcn.es4sql.domain.hints.HintFactory,class,3,5,2,3,55,1,0,24,6,0,NaN,NaN,4,4,1,3,0,0,1,0,0,0,0,0,0,0,0,0,0,0,29,185,30,5,7,2,2,70,25,47,5,39,4,0,0,0,82,1,0
org.elasticsearch.plugin.nlpcn.ElasticResultHandler,class,2,4,2,2,6,1,0,7,1,0,NaN,NaN,2,2,1,1,0,0,1,0,0,0,0,0,0,0,0,0,0,0,1,19,5,1,1,0,0,2,3,5,2,4,3,0,0,0,26,1,0
org.elasticsearch.plugin.nlpcn.executors.ElasticDefaultRestExecutor,class,26,28,2,26,16,1,0,26,6,0,0,0,4,0,3,1,0,0,3,0,0,0,0,0,0,0,0,0,0,0,9,71,5,0,0,1,0,2,0,12,0,12,1,0,0,0,53,1,0
org.nlpcn.es4sql.domain.Select,class,9,33,24,9,31,2,1,22,108,0.8823529,0.09166667,0.15,17,0,16,1,0,0,16,0,0,0,11,1,3,8,0,0,1,0,1,105,10,2,3,0,0,15,2,21,0,15,4,0,0,0,68,1,0
org.nlpcn.es4sql.parse.ElasticLexer,class,5,8,3,5,33,2,0,11,6,0,0,0,4,0,3,1,0,0,3,0,0,0,0,0,0,0,0,0,0,0,1,113,3,3,18,0,11,3,27,52,15,11,3,0,0,0,48,1,0
org.nlpcn.es4sql.ExplainTest,class,6,8,2,6,24,1,0,15,276,0,0,0,24,0,23,1,0,0,23,0,0,0,0,0,0,0,0,0,0,0,10,101,1,0,0,0,0,94,0,22,0,22,0,0,0,0,157,1,0
org.nlpcn.es4sql.parse.ElasticSqlExprParser,class,45,50,5,45,198,2,0,113,325,0.96153843,0,0,26,0,17,1,8,0,26,0,1,0,2,2,2,0,0,0,2,0,1,903,50,11,98,0,12,73,8,134,19,101,4,0,0,0,186,1,0
org.nlpcn.es4sql.query.SqlElasticDeleteByQueryRequestBuilder,class,6,9,3,6,6,1,0,5,0,0,1,1,5,0,5,0,0,0,5,0,0,0,1,0,0,0,0,1,0,0,0,25,5,0,0,1,0,0,0,2,0,2,1,0,0,0,22,1,0
org.nlpcn.es4sql.ShowTest,class,8,10,2,8,7,1,0,13,10,0,0,0,5,0,4,1,0,0,4,0,0,0,0,0,0,0,0,0,0,0,2,32,1,0,0,0,0,5,4,14,2,14,0,0,0,0,54,1,0
org.nlpcn.es4sql.query.join.HashJoinElasticRequestBuilder,class,2,6,4,2,6,2,0,1,11,0.6666667,0.13333334,0.13333334,6,0,6,0,0,0,6,0,0,0,2,0,0,2,0,0,0,0,0,21,3,0,0,0,0,1,0,2,1,2,0,0,0,0,24,1,0
org.nlpcn.es4sql.query.join.ESJoinQueryAction,class,12,16,4,12,14,2,2,31,22,0.625,0.1,0.1,8,0,2,3,3,0,5,2,0,0,1,0,0,0,1,0,0,0,0,50,2,2,3,0,0,0,3,6,0,6,2,0,0,0,48,1025,0
org.elasticsearch.plugin.nlpcn.NestedLoopsElasticExecutor$FetchWithScrollResponse,innerclass,1,1,0,1,3,1,0,0,0,0.33333334,0,0,3,0,2,1,0,0,2,0,0,0,2,0,0,2,0,0,0,0,0,14,2,0,0,0,0,0,0,2,0,2,0,0,0,0,13,2,0
com.alibaba.druid.pool.ElasticSearchDruidDataSource$LogStatsThread,innerclass,1,1,0,1,5,2,0,4,1,0,0,0,2,0,2,0,0,0,2,0,0,0,0,0,0,0,0,0,0,0,1,21,0,1,0,2,0,1,0,0,0,0,3,0,0,0,13,1,1
org.elasticsearch.plugin.nlpcn.executors.RestExecutor,interface,3,8,5,3,2,1,0,0,1,0,0,0,2,0,0,0,0,2,2,0,0,0,0,0,0,0,0,0,0,0,0,4,0,0,0,0,0,0,0,0,0,0,0,0,0,0,14,1,0
org.nlpcn.es4sql.query.maker.Maker,class,43,45,2,43,101,1,1,113,55,0.90909094,0,0,11,0,0,9,2,0,2,0,0,0,1,1,0,1,0,0,1,0,23,328,10,8,7,3,20,41,29,125,9,60,3,0,0,0,164,1025,0
org.elasticsearch.plugin.nlpcn.HashJoinElasticExecutor$Anonymous1,anonymous,1,1,0,1,1,1,0,1,0,0,NaN,NaN,1,0,1,0,0,0,1,0,0,0,0,0,0,0,0,0,0,0,0,5,1,0,0,0,0,0,0,0,1,0,0,0,0,0,4,-1,0
org.elasticsearch.plugin.nlpcn.MultiRequestExecutorFactory,class,7,10,3,7,5,1,0,1,0,0,NaN,NaN,1,1,1,0,0,0,1,0,0,0,0,0,0,0,0,0,0,0,0,15,3,0,0,0,0,1,0,0,0,0,1,0,0,0,25,1,0
org.nlpcn.es4sql.spatial.PolygonFilterParams,class,1,3,2,1,2,1,0,0,0,0,1,1,2,0,2,0,0,0,2,0,0,0,1,0,0,1,0,0,0,0,0,9,1,0,0,0,0,0,0,1,0,1,0,0,0,0,9,1,0
org.nlpcn.es4sql.jdbc.ObjectResultsExtractor,class,20,22,2,20,67,1,0,77,97,0.85333335,0,0,15,0,2,13,0,0,2,0,0,0,5,0,0,5,0,0,3,0,9,284,22,11,4,0,10,32,20,63,9,59,3,0,0,1,128,1,0
org.nlpcn.es4sql.Test,class,8,24,16,8,3,1,0,7,1,0,0,0,2,2,2,0,0,0,2,0,0,0,0,0,0,0,0,0,0,0,1,22,1,0,0,1,0,9,0,9,2,7,1,0,0,0,66,1,0
org.elasticsearch.plugin.nlpcn.HashJoinElasticExecutor,class,18,21,3,18,61,2,0,94,34,0.7564103,1,1,13,0,2,11,0,0,2,0,0,0,6,0,0,5,0,1,1,0,6,242,9,13,14,0,2,6,13,81,3,64,6,1,0,0,159,1,0
org.nlpcn.es4sql.parse.CaseWhenParser,class,11,14,3,11,32,1,0,36,22,0.7916667,0.5,0.5,8,0,4,4,0,0,4,0,0,0,3,0,0,3,0,0,0,0,10,138,7,5,9,0,1,79,9,34,17,27,3,0,0,0,82,1,0
org.nlpcn.es4sql.query.join.ESJoinQueryActionFactory,class,7,8,1,7,7,1,0,4,0,0,NaN,NaN,1,1,1,0,0,0,1,0,0,0,0,0,0,0,0,0,0,0,0,22,3,2,2,0,0,0,0,5,0,3,2,0,0,0,29,1,0
com.alibaba.druid.pool.ElasticSearchDruidDataSource,class,44,50,6,44,549,5,0,412,6749,0.96440285,0.05321101,0.3262719,127,0,103,17,5,2,110,0,2,0,48,3,0,47,1,0,4,0,58,2858,135,40,134,73,20,342,180,416,69,272,6,2,5,0,415,1,50
com.alibaba.druid.pool.ElasticSearchDruidPooledPreparedStatement,class,14,16,2,14,7,2,0,23,8,0.6,0,0,5,0,4,1,0,0,4,0,0,0,1,0,0,1,0,0,1,0,1,61,3,0,0,2,3,1,0,14,0,14,1,0,0,0,63,1,0
org.elasticsearch.plugin.nlpcn.MinusExecutor,class,22,24,2,22,78,1,0,91,148,0.84126973,0.33333334,0.33333334,21,0,3,18,0,0,3,0,0,0,12,0,0,12,0,0,0,0,10,316,19,15,25,0,0,6,37,97,4,76,3,0,0,0,145,1,0
org.nlpcn.es4sql.domain.Delete,class,1,4,3,1,0,2,0,0,0,0,-1,-1,0,0,0,0,0,0,0,0,0,0,0,0,0,0,0,0,0,0,0,2,0,0,0,0,0,0,0,0,0,0,0,0,0,0,5,1,0
org.elasticsearch.plugin.nlpcn.client.ElasticsearchRestClient,class,28,30,2,28,19,2,0,39,0,0.33333334,0.6666667,1,4,0,3,0,1,0,4,0,0,0,3,0,0,3,0,0,3,0,2,80,2,0,0,2,0,5,0,19,1,30,2,0,0,23,57,1,0
com.alibaba.druid.pool.ElasticSearchDruidDataSourceFactory,class,3,4,1,3,2,2,0,0,1,0,0,0,2,1,1,0,1,0,2,0,0,0,0,0,0,0,0,0,0,0,0,8,1,0,0,0,0,0,0,0,0,0,0,0,0,0,19,1,0
org.nlpcn.es4sql.query.multi.ESMultiQueryActionFactory,class,5,5,0,5,3,1,0,1,0,0,NaN,NaN,1,1,1,0,0,0,1,0,0,0,0,0,0,0,0,0,0,0,0,11,1,0,0,0,0,1,0,0,0,0,1,0,0,0,20,1,0
