file,class,type,cbo,cboModified,fanin,fanout,wmc,dit,noc,rfc,lcom,lcom*,tcc,lcc,totalMethodsQty,staticMethodsQty,publicMethodsQty,privateMethodsQty,protectedMethodsQty,defaultMethodsQty,visibleMethodsQty,abstractMethodsQty,finalMethodsQty,synchronizedMethodsQty,totalFieldsQty,staticFieldsQty,publicFieldsQty,privateFieldsQty,protectedFieldsQty,defaultFieldsQty,finalFieldsQty,synchronizedFieldsQty,nosi,loc,returnQty,loopQty,comparisonsQty,tryCatchQty,parenthesizedExpsQty,stringLiteralsQty,numbersQty,assignmentsQty,mathOperationsQty,variablesQty,maxNestedBlocksQty,anonymousClassesQty,innerClassesQty,lambdasQty,uniqueWordsQty,modifiers,logStatementsQty
E:\Yamini's_Projects\libsu\core\src\main\java\com\topjohnwu\superuser\internal\ShellInputSource.java,com.topjohnwu.superuser.internal.ShellInputSource,interface,0,3,3,0,2,1,0,0,1,1.0,0.0,0.0,2,0,0,0,0,2,2,0,0,0,1,0,0,0,0,1,0,0,0,6,0,0,0,0,0,1,0,1,0,1,0,0,0,0,15,0,0
E:\Yamini's_Projects\libsu\service\src\main\java\com\topjohnwu\superuser\internal\HiddenAPIs.java,com.topjohnwu.superuser.internal.HiddenAPIs,class,5,6,1,5,14,1,0,7,3,0.75,0.0,0.0,3,3,0,0,0,3,4,0,0,0,4,4,1,3,0,0,1,0,4,58,0,0,2,5,0,7,7,7,0,6,3,0,0,0,73,0,0
E:\Yamini's_Projects\libsu\service\src\main\java\com\topjohnwu\superuser\internal\RootServiceManager.java,com.topjohnwu.superuser.internal.RootServiceManager$BindTask,interface,0,0,0,0,1,1,0,0,0,0.0,NaN,NaN,1,0,0,0,0,1,1,0,0,0,0,0,0,0,0,0,0,0,0,3,0,0,0,0,0,0,0,0,0,0,0,0,0,0,3,2,0
E:\Yamini's_Projects\libsu\io\src\main\java\com\topjohnwu\superuser\internal\IOFactory.java,com.topjohnwu.superuser.internal.IOFactory,class,6,10,4,6,9,1,0,3,10,1.0,0.0,0.0,5,4,4,1,0,0,4,0,0,0,1,1,0,0,0,1,1,0,3,28,4,0,0,0,0,6,1,2,1,1,1,0,0,0,30,17,0
E:\Yamini's_Projects\libsu\service\src\main\java\com\topjohnwu\superuser\internal\RootServiceManager.java,com.topjohnwu.superuser.internal.RootServiceManager$Predicate,interface,1,1,0,1,1,1,0,0,0,0.0,NaN,NaN,1,0,0,0,0,1,1,0,0,0,0,0,0,0,0,0,0,0,0,3,0,0,0,0,0,0,0,0,0,0,0,0,0,0,6,2,0
E:\Yamini's_Projects\libsu\service\src\main\java\com\topjohnwu\superuser\internal\RootServiceServer.java,com.topjohnwu.superuser.internal.RootServiceServer$ServiceRecord,innerclass,4,4,0,4,1,1,0,1,0,0.8,NaN,NaN,1,0,0,0,0,1,1,0,0,0,5,0,0,0,0,5,2,0,1,10,0,0,0,0,0,0,0,2,0,5,0,0,0,0,15,10,0
E:\Yamini's_Projects\libsu\core\src\main\java\com\topjohnwu\superuser\internal\StreamGobbler.java,com.topjohnwu.superuser.internal.StreamGobbler$OUT,innerclass,2,2,0,2,4,2,0,3,1,0.5,0.0,0.0,2,0,1,0,0,1,2,0,0,0,1,1,0,1,0,0,1,0,2,17,2,0,1,1,0,2,1,3,1,3,1,0,0,0,26,8,0
E:\Yamini's_Projects\libsu\core\src\main\java\com\topjohnwu\superuser\internal\UiThreadHandler.java,com.topjohnwu.superuser.internal.UiThreadHandler,class,3,5,2,3,4,1,0,5,0,0.5,1.0,1.0,2,2,2,0,0,0,2,0,0,0,2,2,2,0,0,0,2,0,2,22,0,0,0,0,0,0,0,3,0,3,1,0,0,0,12,1,0
E:\Yamini's_Projects\libsu\nio\src\main\java\com\topjohnwu\superuser\internal\FileUtils.java,com.topjohnwu.superuser.internal.FileUtils$Flag,innerclass,0,0,0,0,0,1,0,0,0,NaN,-1.0,-1.0,0,0,0,0,0,0,0,0,0,0,5,0,0,0,0,5,0,0,0,7,0,0,0,0,0,0,0,0,0,5,0,0,0,0,6,8,0
E:\Yamini's_Projects\libsu\core\src\main\java\com\topjohnwu\superuser\internal\WaitRunnable.java,com.topjohnwu.superuser.internal.WaitRunnable,class,1,2,1,1,5,1,0,3,0,0.0,1.0,1.0,3,0,3,0,0,0,3,0,0,2,1,0,0,1,0,0,0,0,0,20,0,1,1,1,0,0,0,2,0,1,2,0,0,0,13,17,0
E:\Yamini's_Projects\libsu\io\src\main\java\com\topjohnwu\superuser\internal\ShellIO.java,com.topjohnwu.superuser.internal.ShellIO,class,13,17,4,13,63,2,1,31,30,0.7125,0.32380953,0.52380955,16,1,11,1,2,2,15,0,0,0,5,1,0,3,0,2,2,0,11,179,17,3,15,0,8,12,48,50,23,40,3,0,0,3,86,0,0
E:\Yamini's_Projects\libsu\io\src\main\java\com\topjohnwu\superuser\io\SuFileOutputStream.java,com.topjohnwu.superuser.io.SuFileOutputStream,class,5,6,1,5,8,1,0,3,10,0.0,0.0,0.0,5,4,4,1,0,0,4,0,0,0,0,0,0,0,0,0,0,0,6,27,6,0,0,1,0,0,0,0,0,0,3,0,0,0,44,17,0
E:\Yamini's_Projects\libsu\service\src\main\java\com\topjohnwu\superuser\internal\RootServerMain.java,com.topjohnwu.superuser.internal.RootServerMain$ResourcesWrapper,innerclass,2,2,0,2,3,2,0,8,1,0.0,0.0,0.0,2,0,2,0,0,0,2,0,0,0,0,0,0,0,0,0,0,0,0,19,2,0,0,1,0,4,0,3,0,3,1,0,0,0,19,8,0
E:\Yamini's_Projects\libsu\example\src\main\java\com\topjohnwu\libsuexample\MainActivity.java,com.topjohnwu.libsuexample.MainActivity$AppendCallbackList,innerclass,1,1,0,1,1,4,0,3,0,0.0,NaN,NaN,1,0,1,0,0,0,1,0,0,0,0,0,0,0,0,0,0,0,0,7,0,0,0,0,0,1,1,0,0,0,0,0,0,1,29,0,0
E:\Yamini's_Projects\libsu\nio\src\main\java\com\topjohnwu\superuser\internal\OpenFile.java,com.topjohnwu.superuser.internal.OpenFile,class,5,8,3,5,41,1,0,24,0,0.6333333,1.0,1.0,10,0,1,3,0,6,7,0,0,7,6,1,0,3,0,3,1,0,6,140,8,4,10,3,0,0,17,29,0,19,3,0,0,0,58,0,0
E:\Yamini's_Projects\libsu\core\src\main\java\com\topjohnwu\superuser\Shell.java,com.topjohnwu.superuser.Shell$Initializer,innerclass,3,3,0,3,1,1,0,0,0,0.0,NaN,NaN,1,0,1,0,0,0,1,0,0,0,0,0,0,0,0,0,0,0,0,5,1,0,0,0,0,0,0,0,0,0,0,0,0,0,57,9,0
E:\Yamini's_Projects\libsu\core\src\main\java\com\topjohnwu\superuser\Shell.java,com.topjohnwu.superuser.Shell$GetShellCallback,interface,2,2,0,2,1,1,0,0,0,0.0,NaN,NaN,1,0,0,0,0,1,1,0,0,0,0,0,0,0,0,0,0,0,0,3,0,0,0,0,0,0,0,0,0,0,0,0,0,0,12,1,0
E:\Yamini's_Projects\libsu\example\src\main\java\com\topjohnwu\libsuexample\MainActivity.java,com.topjohnwu.libsuexample.MainActivity,class,21,23,2,21,14,6,0,32,0,0.4583333,0.33333334,0.33333334,3,0,1,1,1,0,3,0,0,0,8,1,1,7,0,0,3,0,2,197,1,0,9,1,0,25,0,11,3,26,3,0,4,12,60,1,0
E:\Yamini's_Projects\libsu\service\src\main\java\com\topjohnwu\superuser\internal\RootServiceManager.java,com.topjohnwu.superuser.internal.RootServiceManager$RemoteServiceRecord,innerclass,3,3,0,3,1,1,0,0,0,0.25,NaN,NaN,1,0,0,0,0,1,1,0,0,0,4,0,0,0,0,4,3,0,0,11,0,0,0,0,0,0,1,4,0,4,0,0,0,0,12,10,0
E:\Yamini's_Projects\libsu\service\src\main\java\com\topjohnwu\superuser\internal\RootServiceManager.java,com.topjohnwu.superuser.internal.RootServiceManager$ServiceKey,innerclass,2,2,0,2,3,2,0,0,3,0.0,0.0,0.0,3,0,0,0,0,3,3,0,0,0,0,0,0,0,0,0,0,0,0,11,2,0,0,0,0,0,0,0,0,0,0,0,0,0,9,10,0
E:\Yamini's_Projects\libsu\nio\src\main\java\com\topjohnwu\superuser\internal\FileSystemService.java,com.topjohnwu.superuser.internal.FileSystemService,class,9,10,1,9,56,2,0,43,85,0.74264705,0.4046346,0.4046346,34,0,34,0,0,0,34,0,0,0,4,1,0,3,0,1,4,0,3,228,47,2,1,17,1,3,14,18,1,11,4,1,0,3,99,0,0
E:\Yamini's_Projects\libsu\example\src\main\java\com\topjohnwu\libsuexample\StressTest.java,com.topjohnwu.libsuexample.StressTest,class,7,8,1,7,28,1,0,49,0,0.5714286,0.33333334,0.33333334,10,10,2,8,0,0,3,0,0,0,7,7,0,7,0,0,4,0,19,175,3,5,3,9,0,13,12,42,6,39,4,0,1,5,69,1,0
E:\Yamini's_Projects\libsu\service\src\main\java\com\topjohnwu\superuser\internal\RootServiceServer.java,com.topjohnwu.superuser.internal.RootServiceServer$ClientProcess,innerclass,5,5,0,5,2,2,0,3,0,0.25,1.0,1.0,2,0,0,0,1,1,2,0,0,0,2,0,0,0,0,2,2,0,1,14,0,0,0,0,0,1,0,2,1,2,0,0,0,0,16,2,0
E:\Yamini's_Projects\libsu\core\src\main\java\com\topjohnwu\superuser\NoShellException.java,com.topjohnwu.superuser.NoShellException,class,0,2,2,0,2,4,0,0,1,0.0,0.0,0.0,2,0,2,0,0,0,2,0,0,0,0,0,0,0,0,0,0,0,0,8,0,0,0,0,0,0,0,0,0,0,0,0,0,0,21,1,0
E:\Yamini's_Projects\libsu\service\src\main\java\com\topjohnwu\superuser\internal\RootServiceServer.java,com.topjohnwu.superuser.internal.RootServiceServer,class,23,27,4,23,50,4,0,60,66,0.775,0.0,0.0,16,1,9,7,0,0,9,0,0,0,5,1,0,5,0,0,4,0,26,240,7,3,13,5,1,16,20,37,9,26,4,0,3,6,102,1,0
E:\Yamini's_Projects\libsu\io\src\main\java\com\topjohnwu\superuser\internal\DataOutputImpl.java,com.topjohnwu.superuser.internal.DataOutputImpl,interface,4,6,2,4,14,1,0,12,78,0.0,0.0,0.0,13,0,0,0,0,13,13,0,0,0,0,0,0,0,0,0,0,0,2,69,0,0,0,0,15,0,37,25,14,10,0,0,0,0,27,0,0
E:\Yamini's_Projects\libsu\core\src\main\java\com\topjohnwu\superuser\internal\BuilderImpl.java,com.topjohnwu.superuser.internal.BuilderImpl,class,11,15,4,11,30,2,0,18,30,0.82222223,0.14285715,0.14285715,9,0,6,2,0,1,7,0,0,0,5,1,0,4,0,1,1,0,9,106,9,2,6,5,1,10,3,20,1,11,3,0,0,0,61,17,0
E:\Yamini's_Projects\libsu\core\src\main\java\com\topjohnwu\superuser\internal\ResultHolder.java,com.topjohnwu.superuser.internal.ResultHolder,class,5,8,3,5,3,1,1,0,0,0.0,1.0,1.0,2,0,1,0,0,1,2,0,0,0,1,0,0,1,0,0,0,0,0,9,1,0,1,0,0,0,0,1,0,1,0,0,0,0,8,0,0
E:\Yamini's_Projects\libsu\io\src\main\java\com\topjohnwu\superuser\internal\RAFWrapper.java,com.topjohnwu.superuser.internal.RAFWrapper,class,3,5,2,3,40,2,0,39,0,0.0,1.0,1.0,40,0,39,0,0,1,40,0,0,0,1,0,0,1,0,0,1,0,0,123,20,0,0,0,0,0,0,1,0,1,0,0,0,0,50,0,0
E:\Yamini's_Projects\libsu\nio\src\main\java\com\topjohnwu\superuser\internal\IOResult.java,com.topjohnwu.superuser.internal.IOResult,class,5,8,3,5,8,1,0,4,0,0.67857146,0.6666667,0.6666667,7,0,2,1,0,4,6,0,0,0,4,3,0,3,0,1,4,0,0,36,2,0,0,0,0,2,1,6,0,4,1,1,0,0,36,0,0
E:\Yamini's_Projects\libsu\core\src\main\java\com\topjohnwu\superuser\internal\ShellInputSource.java,com.topjohnwu.superuser.internal.CommandSource,class,2,3,1,2,3,1,0,4,0,0.0,1.0,1.0,2,0,1,0,0,1,2,0,0,0,1,0,0,1,0,0,1,0,1,13,0,1,0,0,0,0,0,1,0,1,1,0,0,0,17,0,0
E:\Yamini's_Projects\libsu\core\src\main\java\com\topjohnwu\superuser\internal\ResultImpl.java,com.topjohnwu.superuser.internal.ResultImpl,class,2,4,2,2,5,2,0,1,3,0.6666667,0.0,0.0,3,0,3,0,0,0,3,0,0,0,3,0,0,0,0,3,0,0,2,14,3,0,2,0,0,0,0,1,0,3,0,0,0,0,21,0,0
E:\Yamini's_Projects\libsu\example\src\main\java\com\topjohnwu\libsuexample\MainActivity.java,com.topjohnwu.libsuexample.MainActivity$AIDLConnection,innerclass,6,6,0,6,7,1,0,10,0,0.0,1.0,1.0,3,0,2,0,0,1,3,0,0,0,1,0,0,1,0,0,1,0,1,40,0,0,0,1,0,6,0,9,3,3,2,0,0,0,33,0,0
E:\Yamini's_Projects\libsu\core\src\main\java\com\topjohnwu\superuser\internal\PendingJob.java,com.topjohnwu.superuser.internal.PendingJob,class,10,12,2,10,10,3,0,10,9,0.42857143,0.6,0.6,7,0,4,2,0,1,5,0,0,0,1,0,0,1,0,0,0,0,2,60,3,0,1,2,0,0,0,15,0,7,1,0,0,1,40,0,0
E:\Yamini's_Projects\libsu\example\src\main\java\com\topjohnwu\libsuexample\StressTest.java,com.topjohnwu.libsuexample.StressTest$FileCallback,interface,1,1,0,1,1,1,0,0,0,0.0,NaN,NaN,1,0,0,0,0,1,1,0,0,0,0,0,0,0,0,0,0,0,0,3,0,0,0,0,0,0,0,0,0,0,0,0,0,0,6,0,0
E:\Yamini's_Projects\libsu\nio\src\main\java\com\topjohnwu\superuser\internal\FileUtils.java,com.topjohnwu.superuser.internal.FileUtils,class,8,13,5,8,62,1,0,18,21,0.85714287,0.0,0.0,7,7,0,0,0,7,7,0,0,0,4,4,0,4,0,0,0,0,2,169,10,0,24,5,20,18,4,25,3,11,3,0,1,0,67,0,0
E:\Yamini's_Projects\libsu\service\src\main\java\com\topjohnwu\superuser\internal\RootServiceManager.java,com.topjohnwu.superuser.internal.RootServiceManager$ConnectionRecord,innerclass,3,3,0,3,3,2,0,3,3,0.0,0.0,0.0,3,0,0,0,0,3,3,0,0,0,0,0,0,0,0,0,0,0,0,11,1,0,0,0,0,0,0,0,0,0,0,0,0,1,10,10,0
E:\Yamini's_Projects\libsu\nio\src\main\java\com\topjohnwu\superuser\internal\LocalFile.java,com.topjohnwu.superuser.internal.LocalFile,class,4,6,2,4,23,4,0,10,105,0.0,0.0,0.0,15,0,10,1,2,2,14,0,0,0,0,0,0,0,0,0,0,0,0,87,19,0,1,6,0,0,0,5,0,5,2,0,0,0,39,0,0
E:\Yamini's_Projects\libsu\example\src\main\java\com\topjohnwu\libsuexample\MSGService.java,com.topjohnwu.libsuexample.MSGService,class,9,9,0,9,7,3,0,13,4,0.6875,0.16666667,0.16666667,4,0,4,0,0,0,4,0,0,0,4,3,0,1,0,3,3,0,1,41,5,0,2,1,0,5,2,11,1,8,1,0,0,0,43,0,0
E:\Yamini's_Projects\libsu\nio\src\main\java\com\topjohnwu\superuser\internal\RemoteFileChannel.java,com.topjohnwu.superuser.internal.RemoteFileChannel,class,3,5,2,3,79,3,0,41,95,0.7453416,0.33333334,0.78431374,23,0,16,5,1,1,18,0,0,0,7,1,0,7,0,0,7,0,8,263,20,7,2,11,10,7,32,43,10,30,4,0,0,0,101,0,0
E:\Yamini's_Projects\libsu\io\src\main\java\com\topjohnwu\superuser\internal\ShellPipeStream.java,com.topjohnwu.superuser.internal.ShellPipeStream,class,5,6,1,5,20,1,0,24,0,0.0,1.0,1.0,2,2,0,0,0,2,2,0,0,0,3,3,0,3,0,0,3,0,4,79,2,0,2,2,0,15,1,19,6,22,2,0,0,4,52,0,0
E:\Yamini's_Projects\libsu\io\src\main\java\com\topjohnwu\superuser\io\SuFileInputStream.java,com.topjohnwu.superuser.io.SuFileInputStream,class,5,6,1,5,6,1,0,3,3,0.0,0.0,0.0,3,2,2,1,0,0,2,0,0,0,0,0,0,0,0,0,0,0,4,21,4,0,0,1,0,0,0,0,0,0,3,0,0,0,42,17,0
E:\Yamini's_Projects\libsu\core\src\main\java\com\topjohnwu\superuser\internal\StreamGobbler.java,com.topjohnwu.superuser.internal.StreamGobbler,class,3,6,3,3,9,3,0,7,0,0.44444445,1.0,1.0,3,0,0,1,1,1,2,0,0,0,3,1,0,1,2,0,3,0,1,58,4,1,3,0,0,1,1,8,2,7,2,0,2,0,30,1024,0
E:\Yamini's_Projects\libsu\io\src\main\java\com\topjohnwu\superuser\io\SuRandomAccessFile.java,com.topjohnwu.superuser.io.SuRandomAccessFile,class,7,11,4,7,11,1,2,3,36,0.0,0.0,0.0,9,2,9,0,0,0,9,7,0,0,0,0,0,0,0,0,0,0,4,25,4,0,0,1,0,0,0,0,0,0,2,0,0,0,105,1025,0
E:\Yamini's_Projects\libsu\example\src\main\java\com\topjohnwu\libsuexample\MainActivity.java,com.topjohnwu.libsuexample.MainActivity$MSGConnection,innerclass,6,6,0,6,6,1,0,6,1,0.33333334,0.33333334,0.33333334,3,0,2,0,0,1,3,0,0,0,1,0,0,1,0,0,0,0,0,38,1,0,1,2,0,4,0,6,0,3,1,0,0,0,27,0,0
E:\Yamini's_Projects\libsu\io\src\main\java\com\topjohnwu\superuser\internal\DataInputImpl.java,com.topjohnwu.superuser.internal.DataInputImpl,interface,4,6,2,4,26,1,0,15,136,0.0,0.0,0.0,17,0,0,0,0,17,17,0,0,0,0,0,0,0,0,0,0,0,2,86,16,1,7,1,28,0,67,16,25,12,2,0,0,0,33,0,0
E:\Yamini's_Projects\libsu\nio\src\main\java\com\topjohnwu\superuser\internal\FileImpl.java,com.topjohnwu.superuser.internal.FileImpl,class,5,8,3,5,21,3,0,11,55,0.0,0.0,0.0,11,0,7,0,4,0,11,3,0,0,0,0,0,0,0,0,0,0,0,49,9,3,5,0,2,0,3,10,0,9,2,0,0,0,32,1024,0
E:\Yamini's_Projects\libsu\service\src\main\java\com\topjohnwu\superuser\internal\RootServiceManager.java,com.topjohnwu.superuser.internal.RootServiceManager$ServiceReceiver,innerclass,11,11,0,11,8,2,0,11,0,0.0,1.0,1.0,2,0,1,0,0,1,2,0,0,0,1,0,0,1,0,0,1,0,1,34,2,1,2,1,0,0,2,11,1,7,3,0,0,0,40,2,0
E:\Yamini's_Projects\libsu\core\src\main\java\com\topjohnwu\superuser\Shell.java,com.topjohnwu.superuser.Shell$Job,innerclass,5,5,0,5,9,1,0,2,36,0.0,0.0,0.0,9,0,9,0,0,0,9,7,2,0,0,0,0,0,0,0,0,0,0,15,0,0,0,0,0,0,0,0,0,0,0,0,0,0,115,1033,0
E:\Yamini's_Projects\libsu\nio\src\main\java\com\topjohnwu\superuser\internal\RemoteFile.java,com.topjohnwu.superuser.internal.RemoteFile,class,7,9,2,7,70,4,0,37,0,0.15,0.7125506,0.7125506,40,0,35,1,2,2,39,0,0,0,1,0,0,1,0,0,1,0,0,287,61,0,0,30,0,1,12,4,0,3,1,0,0,0,80,0,0
E:\Yamini's_Projects\libsu\nio\src\main\java\com\topjohnwu\superuser\nio\FileSystemManager.java,com.topjohnwu.superuser.nio.FileSystemManager,class,9,16,7,9,11,1,0,7,36,0.9722222,0.0,0.0,9,3,9,0,0,0,9,3,3,1,8,8,6,2,0,0,7,0,3,33,6,0,2,0,0,0,0,8,0,8,1,0,0,0,142,1025,0
E:\Yamini's_Projects\libsu\core\src\main\java\com\topjohnwu\superuser\Shell.java,com.topjohnwu.superuser.Shell,class,12,27,15,12,21,1,1,12,134,0.9588235,0.007352941,0.007352941,17,9,17,0,0,0,17,6,0,0,10,10,10,0,0,0,7,0,11,120,7,1,0,1,3,0,10,10,3,10,3,0,7,0,348,1025,0
E:\Yamini's_Projects\libsu\nio\src\main\java\com\topjohnwu\superuser\internal\FileSystemService.java,com.topjohnwu.superuser.internal.FileSystemService$Anonymous1,anonymous,0,0,0,0,1,1,0,0,0,0.0,NaN,NaN,1,0,0,0,1,0,1,0,0,0,0,0,0,0,0,0,0,0,0,5,1,0,0,0,0,0,0,0,0,0,0,0,0,0,3,-1,0
E:\Yamini's_Projects\libsu\core\src\main\java\com\topjohnwu\superuser\ShellUtils.java,com.topjohnwu.superuser.ShellUtils,class,5,12,7,5,31,1,0,24,43,0.8,0.0,0.0,10,9,9,1,0,0,9,0,0,0,1,1,0,1,0,0,1,0,6,70,11,7,11,1,4,2,18,15,3,8,3,0,0,0,132,17,0
E:\Yamini's_Projects\libsu\service\src\main\java\com\topjohnwu\superuser\internal\RootServiceManager.java,com.topjohnwu.superuser.internal.RootServiceManager$RemoteProcess,innerclass,4,4,0,4,7,2,0,7,1,0.5,0.0,0.0,2,0,0,0,1,1,2,0,0,0,1,0,0,0,0,1,1,0,0,18,0,1,4,0,0,0,0,4,0,3,2,0,0,1,19,2,0
E:\Yamini's_Projects\libsu\nio\src\main\java\com\topjohnwu\superuser\internal\NIOFactory.java,com.topjohnwu.superuser.internal.NIOFactory$Anonymous1,anonymous,7,7,0,7,11,1,0,10,3,0.0,0.0,0.0,3,0,3,0,0,0,3,0,0,0,0,0,0,0,0,0,0,0,3,38,7,0,0,0,0,3,2,3,1,3,4,0,0,0,24,-1,0
E:\Yamini's_Projects\libsu\nio\src\main\java\com\topjohnwu\superuser\internal\NIOFactory.java,com.topjohnwu.superuser.internal.NIOFactory$Anonymous2,anonymous,5,5,0,5,3,1,0,0,3,0.0,0.0,0.0,3,0,3,0,0,0,3,0,0,0,0,0,0,0,0,0,0,0,0,11,3,0,0,0,0,0,0,0,0,0,0,0,0,0,12,-1,0
E:\Yamini's_Projects\libsu\service\src\main\java\com\topjohnwu\superuser\internal\RootServerMain.java,com.topjohnwu.superuser.internal.RootServerMain,class,10,12,2,10,21,3,0,38,4,0.6857143,0.06666667,0.06666667,5,3,3,0,0,2,6,0,0,0,7,5,0,4,0,3,7,0,11,145,3,0,1,7,0,22,13,35,3,29,3,0,1,0,93,0,0
E:\Yamini's_Projects\libsu\core\src\main\java\com\topjohnwu\superuser\internal\ResultFuture.java,com.topjohnwu.superuser.internal.ResultFuture,class,3,5,2,3,9,2,0,6,0,0.16666667,0.6666667,0.6666667,6,0,6,0,0,0,6,0,0,0,1,0,0,1,0,0,1,0,0,26,5,0,2,0,0,0,3,1,0,1,1,0,0,0,25,0,0
E:\Yamini's_Projects\libsu\core\src\main\java\com\topjohnwu\superuser\internal\Utils.java,com.topjohnwu.superuser.internal.Utils,class,10,34,24,10,40,1,0,33,151,0.8684211,0.058479533,0.058479533,19,19,17,0,0,2,19,0,0,2,4,4,1,3,0,0,1,0,18,136,22,3,4,2,2,15,17,25,1,16,3,0,0,0,75,17,0
E:\Yamini's_Projects\libsu\core\src\main\java\com\topjohnwu\superuser\CallbackList.java,com.topjohnwu.superuser.CallbackList,class,4,7,3,4,15,3,0,7,15,0.6,0.33333334,0.33333334,10,0,6,0,4,0,10,1,0,0,2,0,0,0,2,0,0,0,0,34,4,0,5,0,0,0,1,2,0,2,1,0,0,1,88,1025,0
E:\Yamini's_Projects\libsu\io\src\main\java\com\topjohnwu\superuser\io\SuFile.java,com.topjohnwu.superuser.io.SuFile,class,12,21,9,12,93,3,0,47,1788,0.91803277,0.005844156,0.005844156,61,4,55,5,0,1,56,0,0,0,2,0,0,2,0,0,1,0,22,256,65,5,10,3,5,44,17,37,11,28,2,0,0,0,288,1,0
E:\Yamini's_Projects\libsu\core\src\main\java\com\topjohnwu\superuser\Shell.java,com.topjohnwu.superuser.Shell$Result,innerclass,2,2,0,2,5,1,0,1,6,0.75,0.0,0.0,4,0,4,0,0,0,4,3,0,0,1,1,1,0,0,0,1,0,0,9,1,0,1,0,0,0,2,1,0,1,0,0,0,0,57,1033,0
E:\Yamini's_Projects\libsu\io\src\main\java\com\topjohnwu\superuser\internal\ShellBlockIO.java,com.topjohnwu.superuser.internal.ShellBlockIO,class,5,6,1,5,11,3,0,5,1,0.2857143,0.47619048,0.47619048,7,0,4,0,2,1,7,0,0,0,1,0,0,1,0,0,1,0,2,38,4,0,0,1,0,5,1,5,3,2,1,0,0,0,43,0,0
E:\Yamini's_Projects\libsu\nio\src\main\java\com\topjohnwu\superuser\nio\ExtendedFile.java,com.topjohnwu.superuser.nio.ExtendedFile,class,3,11,8,3,21,2,2,1,210,0.0,0.0,0.0,21,0,17,0,4,0,21,16,1,0,0,0,0,0,0,0,0,0,0,33,1,0,0,0,0,0,0,0,0,0,0,0,0,0,147,1025,0
E:\Yamini's_Projects\libsu\service\src\main\java\com\topjohnwu\superuser\internal\RootServiceManager.java,com.topjohnwu.superuser.internal.RootServiceManager,class,28,32,4,28,52,5,0,61,40,0.8608058,0.06666667,0.06666667,13,4,5,7,0,1,6,0,0,0,21,15,0,17,0,4,17,0,20,308,14,1,16,4,2,39,17,60,11,54,3,0,7,5,165,1,0
E:\Yamini's_Projects\libsu\service\src\main\java\com\topjohnwu\superuser\internal\RootServiceServer.java,com.topjohnwu.superuser.internal.RootServiceServer$AppObserver,innerclass,4,4,0,4,4,2,0,5,0,0.0,1.0,1.0,2,0,1,0,0,1,2,0,0,0,1,0,0,1,0,0,1,0,1,13,0,0,1,0,0,2,0,1,1,1,1,0,0,0,20,2,0
E:\Yamini's_Projects\libsu\core\src\main\java\com\topjohnwu\superuser\internal\MainShell.java,com.topjohnwu.superuser.internal.MainShell,class,13,18,5,13,20,1,0,10,28,0.7407408,0.1904762,0.2857143,9,8,6,2,0,1,7,0,0,3,3,3,0,3,0,0,1,0,7,70,4,0,6,1,0,5,5,12,0,6,3,0,0,2,38,17,0
E:\Yamini's_Projects\libsu\core\src\main\java\com\topjohnwu\superuser\Shell.java,com.topjohnwu.superuser.Shell$Task,interface,1,1,0,1,2,1,0,0,1,0.0,0.0,0.0,2,0,0,0,0,2,2,0,0,0,0,0,0,0,0,0,0,0,0,5,0,0,0,0,0,0,0,0,0,0,0,0,0,0,50,1,0
E:\Yamini's_Projects\libsu\service\src\main\java\com\topjohnwu\superuser\ipc\RootService.java,com.topjohnwu.superuser.ipc.RootService,class,16,21,5,16,26,2,2,23,171,1.0,0.0,0.0,19,8,16,1,2,0,18,1,3,0,1,1,1,0,0,0,1,0,17,77,10,0,3,1,0,1,0,5,0,5,3,0,0,1,253,1025,0
E:\Yamini's_Projects\libsu\example\src\main\java\com\topjohnwu\libsuexample\AIDLService.java,com.topjohnwu.libsuexample.AIDLService,class,6,7,1,6,8,4,0,5,13,0.6666667,0.0,0.0,6,0,5,0,0,1,7,0,0,0,1,0,0,1,0,0,1,0,2,38,2,0,1,0,0,6,1,1,1,1,1,0,1,0,26,0,0
E:\Yamini's_Projects\libsu\core\src\main\java\com\topjohnwu\superuser\internal\StreamGobbler.java,com.topjohnwu.superuser.internal.StreamGobbler$ERR,innerclass,1,1,0,1,2,2,0,1,1,0.0,0.0,0.0,2,0,1,0,0,1,2,0,0,0,0,0,0,0,0,0,0,0,0,9,1,0,0,0,0,0,0,0,0,0,0,0,0,0,11,8,0
E:\Yamini's_Projects\libsu\nio\src\main\java\com\topjohnwu\superuser\internal\NIOFactory.java,com.topjohnwu.superuser.internal.NIOFactory,class,7,8,1,7,5,1,0,2,6,0.0,0.0,0.0,4,3,3,1,0,0,3,0,0,0,0,0,0,0,0,0,0,0,0,65,3,0,1,0,0,1,0,1,0,1,1,2,0,0,21,17,0
E:\Yamini's_Projects\libsu\core\src\main\java\com\topjohnwu\superuser\internal\ShellInputSource.java,com.topjohnwu.superuser.internal.InputStreamSource,class,2,3,1,2,4,1,0,4,0,0.0,1.0,1.0,3,0,2,0,0,1,3,0,0,0,1,0,0,1,0,0,1,0,2,19,0,0,0,1,0,1,0,1,0,1,1,0,0,0,13,0,0
E:\Yamini's_Projects\libsu\io\src\main\java\com\topjohnwu\superuser\internal\ByteOutputStream.java,com.topjohnwu.superuser.internal.ByteOutputStream,class,2,5,3,2,2,3,0,1,1,0.0,0.0,0.0,2,0,2,0,0,0,2,0,0,0,0,0,0,0,0,0,0,0,0,8,1,0,0,0,0,0,1,0,0,0,0,0,0,0,14,0,0
E:\Yamini's_Projects\libsu\core\src\main\java\com\topjohnwu\superuser\internal\ShellImpl.java,com.topjohnwu.superuser.internal.ShellImpl$SyncTask,innerclass,1,1,0,1,6,1,0,2,0,0.375,0.5,0.5,4,0,1,0,0,3,4,0,0,0,2,0,0,2,0,0,1,0,0,22,0,1,0,1,0,0,0,3,0,2,2,0,0,0,18,26,0
E:\Yamini's_Projects\libsu\core\src\main\java\com\topjohnwu\superuser\internal\ShellImpl.java,com.topjohnwu.superuser.internal.ShellImpl,class,13,19,6,13,41,6,0,37,10,0.6837607,0.4642857,0.75,13,0,7,5,0,1,8,0,0,1,9,0,0,9,0,0,7,0,7,253,16,1,2,14,5,12,4,25,1,18,3,0,3,0,85,0,0
E:\Yamini's_Projects\libsu\core\src\main\java\com\topjohnwu\superuser\internal\JobTask.java,com.topjohnwu.superuser.internal.JobTask,class,14,18,4,14,26,2,2,18,8,0.7777778,0.4,0.6666667,8,0,6,2,0,0,6,0,0,0,9,4,0,4,2,3,5,0,5,73,4,2,9,1,2,1,3,25,0,18,2,0,0,1,57,1024,0
E:\Yamini's_Projects\libsu\service\src\main\java\com\topjohnwu\superuser\internal\BinderHolder.java,com.topjohnwu.superuser.internal.BinderHolder,class,3,7,4,3,3,1,4,3,1,0.33333334,0.33333334,0.33333334,3,0,1,0,1,1,3,1,1,0,1,0,0,1,0,0,1,0,1,12,0,0,0,0,0,0,2,1,0,1,0,0,0,0,9,1024,0
E:\Yamini's_Projects\libsu\core\src\main\java\com\topjohnwu\superuser\internal\ShellImpl.java,com.topjohnwu.superuser.internal.ShellImpl$NoCloseInputStream,innerclass,0,0,0,0,3,3,0,1,3,0.0,0.0,0.0,3,0,1,0,0,2,3,0,0,0,0,0,0,0,0,0,0,0,0,10,0,0,0,0,0,0,0,0,0,0,0,0,0,0,11,10,0
E:\Yamini's_Projects\libsu\nio\src\main\java\com\topjohnwu\superuser\internal\IOResult.java,com.topjohnwu.superuser.internal.IOResult$Anonymous1,anonymous,2,2,0,2,2,1,0,0,1,0.0,0.0,0.0,2,0,2,0,0,0,2,0,0,0,0,0,0,0,0,0,0,0,0,8,2,0,0,0,0,0,0,0,0,0,0,0,0,0,10,-1,0
E:\Yamini's_Projects\libsu\core\src\main\java\com\topjohnwu\superuser\internal\ShellImpl.java,com.topjohnwu.superuser.internal.ShellImpl$NoCloseOutputStream,innerclass,2,2,0,2,5,3,0,3,6,0.0,0.0,0.0,4,0,2,0,0,2,4,0,0,0,0,0,0,0,0,0,0,0,0,14,0,0,0,0,1,0,0,0,0,0,0,0,0,0,14,10,0
E:\Yamini's_Projects\libsu\core\src\main\java\com\topjohnwu\superuser\Shell.java,com.topjohnwu.superuser.Shell$ResultCallback,interface,2,2,0,2,1,1,0,0,0,0.0,NaN,NaN,1,0,0,0,0,1,1,0,0,0,0,0,0,0,0,0,0,0,0,3,0,0,0,0,0,0,0,0,0,0,0,0,0,0,13,1,0
E:\Yamini's_Projects\libsu\example\src\main\java\com\topjohnwu\libsuexample\AIDLService.java,com.topjohnwu.libsuexample.AIDLService$TestIPC,innerclass,5,5,0,5,4,2,0,3,6,0.0,0.0,0.0,4,0,4,0,0,0,4,0,0,0,0,0,0,0,0,0,0,0,1,14,4,0,0,0,0,0,0,0,0,0,0,0,0,0,16,0,0
E:\Yamini's_Projects\libsu\core\src\main\java\com\topjohnwu\superuser\internal\ShellJob.java,com.topjohnwu.superuser.internal.ShellJob,class,8,9,1,8,5,3,0,3,0,0.0,1.0,1.0,4,0,3,0,0,1,4,0,0,0,1,0,0,1,0,0,1,0,0,29,2,0,0,1,0,0,0,9,0,3,1,0,0,0,23,0,0
E:\Yamini's_Projects\libsu\core\src\main\java\com\topjohnwu\superuser\Shell.java,com.topjohnwu.superuser.Shell$Builder,innerclass,7,7,0,7,9,1,0,4,36,0.0,0.0,0.0,9,1,9,0,0,0,9,5,3,0,0,0,0,0,0,0,0,0,1,21,4,0,0,0,1,0,0,0,0,0,0,0,0,0,153,1033,0
E:\Yamini's_Projects\libsu\example\src\main\java\com\topjohnwu\libsuexample\MainActivity.java,com.topjohnwu.libsuexample.MainActivity$ExampleInitializer,innerclass,5,5,0,5,1,2,0,5,0,0.0,NaN,NaN,1,0,1,0,0,0,1,0,0,0,0,0,0,0,0,0,0,0,0,7,1,0,0,0,0,0,0,1,0,1,0,0,0,0,11,8,0
E:\Yamini's_Projects\libsu\nio\src\main\java\com\topjohnwu\superuser\internal\FileContainer.java,com.topjohnwu.superuser.internal.FileContainer,class,3,4,1,3,11,1,0,9,0,0.5,1.0,1.0,4,0,0,0,0,4,4,0,0,4,3,1,0,3,0,0,2,0,0,43,5,1,6,0,0,1,2,15,0,14,1,0,0,0,29,0,0
