class,method,variable,usage
com.github.wxiaoqi.security.generator.config.DynamicDataSourceContextHolder,setDataSourceKey/1[java.lang.String],contextHolder,1
com.github.wxiaoqi.security.generator.config.DynamicDataSourceContextHolder,clearDataSourceKey/0,contextHolder,1
com.github.wxiaoqi.security.generator.config.DynamicDataSourceContextHolder,getDataSourceKey/0,contextHolder,1
com.github.wxiaoqi.security.common.vo.TreeNode,getChildren/0,children,1
com.github.wxiaoqi.security.common.vo.TreeNode,setChildren/1[java.util.List<com.github.wxiaoqi.security.common.vo.TreeNode>],children,3
com.github.wxiaoqi.security.common.vo.TreeNode,getId/0,id,1
com.github.wxiaoqi.security.common.vo.TreeNode,getParentId/0,parentId,1
com.github.wxiaoqi.security.common.vo.TreeNode,add/1[com.github.wxiaoqi.security.common.vo.TreeNode],children,1
com.github.wxiaoqi.security.common.vo.TreeNode,setId/1[int],id,3
com.github.wxiaoqi.security.common.vo.TreeNode,setParentId/1[int],parentId,3
com.github.wxiaoqi.oss.cloud.OSSFactory,build/0,config,6
com.github.wxiaoqi.security.modules.auth.controller.CaptchaController,captcha/0,stringRedisTemplate,1
com.github.wxiaoqi.security.modules.auth.entity.ClientService,getCrtTime/0,crtTime,1
com.github.wxiaoqi.security.modules.auth.entity.ClientService,setAttr6/1[java.lang.String],attr6,4
com.github.wxiaoqi.security.modules.auth.entity.ClientService,setAttr3/1[java.lang.String],attr3,4
com.github.wxiaoqi.security.modules.auth.entity.ClientService,setCrtTime/1[java.util.Date],crtTime,4
com.github.wxiaoqi.security.modules.auth.entity.ClientService,getAttr6/0,attr6,1
com.github.wxiaoqi.security.modules.auth.entity.ClientService,setCrtHost/1[java.lang.String],crtHost,4
com.github.wxiaoqi.security.modules.auth.entity.ClientService,getId/0,id,1
com.github.wxiaoqi.security.modules.auth.entity.ClientService,getAttr4/0,attr4,1
com.github.wxiaoqi.security.modules.auth.entity.ClientService,getAttr7/0,attr7,1
com.github.wxiaoqi.security.modules.auth.entity.ClientService,getDescription/0,description,1
com.github.wxiaoqi.security.modules.auth.entity.ClientService,setDescription/1[java.lang.String],description,4
com.github.wxiaoqi.security.modules.auth.entity.ClientService,setAttr1/1[java.lang.String],attr1,4
com.github.wxiaoqi.security.modules.auth.entity.ClientService,getAttr3/0,attr3,1
com.github.wxiaoqi.security.modules.auth.entity.ClientService,getServiceId/0,serviceId,1
com.github.wxiaoqi.security.modules.auth.entity.ClientService,getCrtHost/0,crtHost,1
com.github.wxiaoqi.security.modules.auth.entity.ClientService,getAttr8/0,attr8,1
com.github.wxiaoqi.security.modules.auth.entity.ClientService,setCrtName/1[java.lang.String],crtName,4
com.github.wxiaoqi.security.modules.auth.entity.ClientService,setAttr7/1[java.lang.String],attr7,4
com.github.wxiaoqi.security.modules.auth.entity.ClientService,setServiceId/1[java.lang.String],serviceId,4
com.github.wxiaoqi.security.modules.auth.entity.ClientService,setCrtUser/1[java.lang.String],crtUser,4
com.github.wxiaoqi.security.modules.auth.entity.ClientService,setAttr2/1[java.lang.String],attr2,4
com.github.wxiaoqi.security.modules.auth.entity.ClientService,getAttr2/0,attr2,1
com.github.wxiaoqi.security.modules.auth.entity.ClientService,getClientId/0,clientId,1
com.github.wxiaoqi.security.modules.auth.entity.ClientService,setClientId/1[java.lang.String],clientId,4
com.github.wxiaoqi.security.modules.auth.entity.ClientService,getCrtName/0,crtName,1
com.github.wxiaoqi.security.modules.auth.entity.ClientService,setAttr5/1[java.lang.String],attr5,4
com.github.wxiaoqi.security.modules.auth.entity.ClientService,setAttr4/1[java.lang.String],attr4,4
com.github.wxiaoqi.security.modules.auth.entity.ClientService,getAttr1/0,attr1,1
com.github.wxiaoqi.security.modules.auth.entity.ClientService,setAttr8/1[java.lang.String],attr8,4
com.github.wxiaoqi.security.modules.auth.entity.ClientService,setId/1[java.lang.Integer],id,4
com.github.wxiaoqi.security.modules.auth.entity.ClientService,getCrtUser/0,crtUser,1
com.github.wxiaoqi.security.modules.auth.entity.ClientService,getAttr5/0,attr5,1
com.github.wxiaoqi.security.modules.auth.util.user.JwtAuthenticationRequest,setUuid/1[java.lang.String],uuid,3
com.github.wxiaoqi.security.modules.auth.util.user.JwtAuthenticationRequest,setPassword/1[java.lang.String],password,3
com.github.wxiaoqi.security.modules.auth.util.user.JwtAuthenticationRequest,getUsername/0,username,1
com.github.wxiaoqi.security.modules.auth.util.user.JwtAuthenticationRequest,getVerCode/0,verCode,1
com.github.wxiaoqi.security.modules.auth.util.user.JwtAuthenticationRequest,getPassword/0,password,1
com.github.wxiaoqi.security.modules.auth.util.user.JwtAuthenticationRequest,setUsername/1[java.lang.String],username,3
com.github.wxiaoqi.security.modules.auth.util.user.JwtAuthenticationRequest,"JwtAuthenticationRequest/4[java.lang.String,java.lang.String,java.lang.String,java.lang.String]",password,3
com.github.wxiaoqi.security.modules.auth.util.user.JwtAuthenticationRequest,"JwtAuthenticationRequest/4[java.lang.String,java.lang.String,java.lang.String,java.lang.String]",uuid,3
com.github.wxiaoqi.security.modules.auth.util.user.JwtAuthenticationRequest,"JwtAuthenticationRequest/4[java.lang.String,java.lang.String,java.lang.String,java.lang.String]",username,3
com.github.wxiaoqi.security.modules.auth.util.user.JwtAuthenticationRequest,"JwtAuthenticationRequest/4[java.lang.String,java.lang.String,java.lang.String,java.lang.String]",verCode,3
com.github.wxiaoqi.security.modules.auth.util.user.JwtAuthenticationRequest,getUuid/0,uuid,1
com.github.wxiaoqi.security.modules.auth.util.user.JwtAuthenticationRequest,setVerCode/1[java.lang.String],verCode,3
com.github.wxiaoqi.security.common.handler.GlobalExceptionHandler,"userTokenExceptionHandler/2[com.github.wxiaoqi.security.common.handler.HttpServletResponse,com.github.wxiaoqi.security.common.exception.auth.UserTokenException]",logger,1
com.github.wxiaoqi.security.common.handler.GlobalExceptionHandler,"otherExceptionHandler/2[com.github.wxiaoqi.security.common.handler.HttpServletResponse,java.lang.Exception]",logger,1
com.github.wxiaoqi.security.common.handler.GlobalExceptionHandler,"userInvalidExceptionHandler/2[com.github.wxiaoqi.security.common.handler.HttpServletResponse,com.github.wxiaoqi.security.common.exception.auth.UserInvalidException]",logger,1
com.github.wxiaoqi.security.common.handler.GlobalExceptionHandler,"clientTokenExceptionHandler/2[com.github.wxiaoqi.security.common.handler.HttpServletResponse,com.github.wxiaoqi.security.common.exception.auth.ClientTokenException]",logger,1
com.github.wxiaoqi.security.common.handler.GlobalExceptionHandler,"baseExceptionHandler/2[com.github.wxiaoqi.security.common.handler.HttpServletResponse,com.github.wxiaoqi.security.common.exception.BaseException]",logger,1
com.github.wxiaoqi.security.gate.utils.DBLog,getInstance/0,dblog,3
com.github.wxiaoqi.security.gate.utils.DBLog,getLogService/0,logService,1
com.github.wxiaoqi.security.gate.utils.DBLog,offerQueue/1[com.github.wxiaoqi.security.api.vo.log.LogInfo],logInfoQueue,1
com.github.wxiaoqi.security.gate.utils.DBLog,run/0,logInfoQueue,2
com.github.wxiaoqi.security.gate.utils.DBLog,run/0,logService,1
com.github.wxiaoqi.security.gate.utils.DBLog,setLogService/1[com.github.wxiaoqi.security.gate.service.LogService],logService,4
com.github.wxiaoqi.security.modules.auth.util.user.JwtAuthenticationResponse,getToken/0,token,1
com.github.wxiaoqi.security.modules.auth.util.user.JwtAuthenticationResponse,JwtAuthenticationResponse/1[java.lang.String],token,3
com.github.wxiaoqi.security.modules.auth.vo.FrontUser,getName/0,name,1
com.github.wxiaoqi.security.modules.auth.vo.FrontUser,setMenus/1[java.util.List<com.github.wxiaoqi.security.api.vo.authority.PermissionInfo>],menus,3
com.github.wxiaoqi.security.modules.auth.vo.FrontUser,setImage/1[java.lang.String],image,3
com.github.wxiaoqi.security.modules.auth.vo.FrontUser,setUsername/1[java.lang.String],username,3
com.github.wxiaoqi.security.modules.auth.vo.FrontUser,setId/1[java.lang.String],id,3
com.github.wxiaoqi.security.modules.auth.vo.FrontUser,getDescription/0,description,1
com.github.wxiaoqi.security.modules.auth.vo.FrontUser,getImage/0,image,1
com.github.wxiaoqi.security.modules.auth.vo.FrontUser,setName/1[java.lang.String],name,3
com.github.wxiaoqi.security.modules.auth.vo.FrontUser,setElements/1[java.util.List<com.github.wxiaoqi.security.api.vo.authority.PermissionInfo>],elements,3
com.github.wxiaoqi.security.modules.auth.vo.FrontUser,setDescription/1[java.lang.String],description,3
com.github.wxiaoqi.security.modules.auth.vo.FrontUser,getMenus/0,menus,1
com.github.wxiaoqi.security.modules.auth.vo.FrontUser,getId/0,id,1
com.github.wxiaoqi.security.modules.auth.vo.FrontUser,getElements/0,elements,1
com.github.wxiaoqi.security.modules.auth.vo.FrontUser,getUsername/0,username,1
com.github.wxiaoqi.security.modules.admin.rpc.LogRest,saveLog/1[com.github.wxiaoqi.security.api.vo.log.LogInfo],gateLogBiz,1
com.github.wxiaoqi.security.modules.admin.vo.AccessRouteTree,setChildren/1[java.util.List<com.github.wxiaoqi.security.common.vo.TreeNode>],nodes,1
com.github.wxiaoqi.security.modules.admin.vo.AccessRouteTree,add/1[com.github.wxiaoqi.security.common.vo.TreeNode],nodes,1
com.github.wxiaoqi.config.CloudStorageConfig,getAliyunEndPoint/0,aliyunEndPoint,1
com.github.wxiaoqi.config.CloudStorageConfig,setAliyunBucketName/1[java.lang.String],aliyunBucketName,3
com.github.wxiaoqi.config.CloudStorageConfig,setQcloudDomain/1[java.lang.String],qcloudDomain,3
com.github.wxiaoqi.config.CloudStorageConfig,setQiniuAccessKey/1[java.lang.String],qiniuAccessKey,3
com.github.wxiaoqi.config.CloudStorageConfig,setQcloudSecretId/1[java.lang.String],qcloudSecretId,3
com.github.wxiaoqi.config.CloudStorageConfig,getAliyunAccessKeySecret/0,aliyunAccessKeySecret,1
com.github.wxiaoqi.config.CloudStorageConfig,setAliyunEndPoint/1[java.lang.String],aliyunEndPoint,3
com.github.wxiaoqi.config.CloudStorageConfig,getAliyunDomain/0,aliyunDomain,1
com.github.wxiaoqi.config.CloudStorageConfig,getQcloudBucketName/0,qcloudBucketName,1
com.github.wxiaoqi.config.CloudStorageConfig,getType/0,type,1
com.github.wxiaoqi.config.CloudStorageConfig,getAliyunBucketName/0,aliyunBucketName,1
com.github.wxiaoqi.config.CloudStorageConfig,getAliyunPrefix/0,aliyunPrefix,1
com.github.wxiaoqi.config.CloudStorageConfig,setAliyunPrefix/1[java.lang.String],aliyunPrefix,3
com.github.wxiaoqi.config.CloudStorageConfig,setQcloudSecretKey/1[java.lang.String],qcloudSecretKey,3
com.github.wxiaoqi.config.CloudStorageConfig,getQcloudRegion/0,qcloudRegion,1
com.github.wxiaoqi.config.CloudStorageConfig,setType/1[java.lang.Integer],type,3
com.github.wxiaoqi.config.CloudStorageConfig,getQiniuBucketName/0,qiniuBucketName,1
com.github.wxiaoqi.config.CloudStorageConfig,getAliyunAccessKeyId/0,aliyunAccessKeyId,1
com.github.wxiaoqi.config.CloudStorageConfig,getQcloudDomain/0,qcloudDomain,1
com.github.wxiaoqi.config.CloudStorageConfig,getQiniuDomain/0,qiniuDomain,1
com.github.wxiaoqi.config.CloudStorageConfig,setQiniuDomain/1[java.lang.String],qiniuDomain,3
com.github.wxiaoqi.config.CloudStorageConfig,getQcloudSecretKey/0,qcloudSecretKey,1
com.github.wxiaoqi.config.CloudStorageConfig,getQcloudAppId/0,qcloudAppId,1
com.github.wxiaoqi.config.CloudStorageConfig,setQiniuBucketName/1[java.lang.String],qiniuBucketName,3
com.github.wxiaoqi.config.CloudStorageConfig,setQiniuPrefix/1[java.lang.String],qiniuPrefix,3
com.github.wxiaoqi.config.CloudStorageConfig,setAliyunDomain/1[java.lang.String],aliyunDomain,3
com.github.wxiaoqi.config.CloudStorageConfig,setQiniuSecretKey/1[java.lang.String],qiniuSecretKey,3
com.github.wxiaoqi.config.CloudStorageConfig,getQiniuSecretKey/0,qiniuSecretKey,1
com.github.wxiaoqi.config.CloudStorageConfig,setQcloudBucketName/1[java.lang.String],qcloudBucketName,3
com.github.wxiaoqi.config.CloudStorageConfig,setAliyunAccessKeyId/1[java.lang.String],aliyunAccessKeyId,3
com.github.wxiaoqi.config.CloudStorageConfig,setQcloudRegion/1[java.lang.String],qcloudRegion,3
com.github.wxiaoqi.config.CloudStorageConfig,getQcloudSecretId/0,qcloudSecretId,1
com.github.wxiaoqi.config.CloudStorageConfig,getQiniuPrefix/0,qiniuPrefix,1
com.github.wxiaoqi.config.CloudStorageConfig,getQiniuAccessKey/0,qiniuAccessKey,1
com.github.wxiaoqi.config.CloudStorageConfig,setQcloudAppId/1[java.lang.Integer],qcloudAppId,3
com.github.wxiaoqi.config.CloudStorageConfig,getQcloudPrefix/0,qcloudPrefix,1
com.github.wxiaoqi.config.CloudStorageConfig,setQcloudPrefix/1[java.lang.String],qcloudPrefix,3
com.github.wxiaoqi.config.CloudStorageConfig,setAliyunAccessKeySecret/1[java.lang.String],aliyunAccessKeySecret,3
com.github.wxiaoqi.security.modules.auth.entity.Client,getDescription/0,description,1
com.github.wxiaoqi.security.modules.auth.entity.Client,getAttr5/0,attr5,1
com.github.wxiaoqi.security.modules.auth.entity.Client,getId/0,id,1
com.github.wxiaoqi.security.modules.auth.entity.Client,setUpdName/1[java.lang.String],updName,4
com.github.wxiaoqi.security.modules.auth.entity.Client,setAttr2/1[java.lang.String],attr2,4
com.github.wxiaoqi.security.modules.auth.entity.Client,getAttr2/0,attr2,1
com.github.wxiaoqi.security.modules.auth.entity.Client,getAttr8/0,attr8,1
com.github.wxiaoqi.security.modules.auth.entity.Client,setAttr7/1[java.lang.String],attr7,4
com.github.wxiaoqi.security.modules.auth.entity.Client,setAttr5/1[java.lang.String],attr5,4
com.github.wxiaoqi.security.modules.auth.entity.Client,setCrtName/1[java.lang.String],crtName,4
com.github.wxiaoqi.security.modules.auth.entity.Client,setCrtUser/1[java.lang.String],crtUser,4
com.github.wxiaoqi.security.modules.auth.entity.Client,setSecret/1[java.lang.String],secret,4
com.github.wxiaoqi.security.modules.auth.entity.Client,getAttr1/0,attr1,1
com.github.wxiaoqi.security.modules.auth.entity.Client,setAttr8/1[java.lang.String],attr8,4
com.github.wxiaoqi.security.modules.auth.entity.Client,setCode/1[java.lang.String],code,4
com.github.wxiaoqi.security.modules.auth.entity.Client,getUpdUser/0,updUser,1
com.github.wxiaoqi.security.modules.auth.entity.Client,getCrtUser/0,crtUser,1
com.github.wxiaoqi.security.modules.auth.entity.Client,getCrtName/0,crtName,1
com.github.wxiaoqi.security.modules.auth.entity.Client,setName/1[java.lang.String],name,4
com.github.wxiaoqi.security.modules.auth.entity.Client,setUpdUser/1[java.lang.String],updUser,4
com.github.wxiaoqi.security.modules.auth.entity.Client,getUpdName/0,updName,1
com.github.wxiaoqi.security.modules.auth.entity.Client,setAttr4/1[java.lang.String],attr4,4
com.github.wxiaoqi.security.modules.auth.entity.Client,getSecret/0,secret,1
com.github.wxiaoqi.security.modules.auth.entity.Client,setDescription/1[java.lang.String],description,4
com.github.wxiaoqi.security.modules.auth.entity.Client,setAttr6/1[java.lang.String],attr6,4
com.github.wxiaoqi.security.modules.auth.entity.Client,getCode/0,code,1
com.github.wxiaoqi.security.modules.auth.entity.Client,setId/1[java.lang.Integer],id,4
com.github.wxiaoqi.security.modules.auth.entity.Client,getName/0,name,1
com.github.wxiaoqi.security.modules.auth.entity.Client,setCrtHost/1[java.lang.String],crtHost,4
com.github.wxiaoqi.security.modules.auth.entity.Client,setAttr1/1[java.lang.String],attr1,4
com.github.wxiaoqi.security.modules.auth.entity.Client,setUpdHost/1[java.lang.String],updHost,4
com.github.wxiaoqi.security.modules.auth.entity.Client,getCrtTime/0,crtTime,1
com.github.wxiaoqi.security.modules.auth.entity.Client,setAttr3/1[java.lang.String],attr3,4
com.github.wxiaoqi.security.modules.auth.entity.Client,getAttr6/0,attr6,1
com.github.wxiaoqi.security.modules.auth.entity.Client,getUpdTime/0,updTime,1
com.github.wxiaoqi.security.modules.auth.entity.Client,getLocked/0,locked,1
com.github.wxiaoqi.security.modules.auth.entity.Client,setLocked/1[java.lang.String],locked,4
com.github.wxiaoqi.security.modules.auth.entity.Client,getUpdHost/0,updHost,1
com.github.wxiaoqi.security.modules.auth.entity.Client,getAttr4/0,attr4,1
com.github.wxiaoqi.security.modules.auth.entity.Client,getCrtHost/0,crtHost,1
com.github.wxiaoqi.security.modules.auth.entity.Client,setUpdTime/1[java.util.Date],updTime,4
com.github.wxiaoqi.security.modules.auth.entity.Client,getAttr3/0,attr3,1
com.github.wxiaoqi.security.modules.auth.entity.Client,getAttr7/0,attr7,1
com.github.wxiaoqi.security.modules.auth.entity.Client,setCrtTime/1[java.util.Date],crtTime,4
com.github.wxiaoqi.security.generator.entity.ColumnEntity,setDataType/1[java.lang.String],dataType,3
com.github.wxiaoqi.security.generator.entity.ColumnEntity,setExtra/1[java.lang.String],extra,3
com.github.wxiaoqi.security.generator.entity.ColumnEntity,getAttrType/0,attrType,1
com.github.wxiaoqi.security.generator.entity.ColumnEntity,setComments/1[java.lang.String],comments,3
com.github.wxiaoqi.security.generator.entity.ColumnEntity,getColumnName/0,columnName,1
com.github.wxiaoqi.security.generator.entity.ColumnEntity,setAttrname/1[java.lang.String],attrname,3
com.github.wxiaoqi.security.generator.entity.ColumnEntity,getDataType/0,dataType,1
com.github.wxiaoqi.security.generator.entity.ColumnEntity,setAttrName/1[java.lang.String],attrName,3
com.github.wxiaoqi.security.generator.entity.ColumnEntity,getComments/0,comments,1
com.github.wxiaoqi.security.generator.entity.ColumnEntity,getAttrName/0,attrName,1
com.github.wxiaoqi.security.generator.entity.ColumnEntity,setColumnName/1[java.lang.String],columnName,3
com.github.wxiaoqi.security.generator.entity.ColumnEntity,setAttrType/1[java.lang.String],attrType,3
com.github.wxiaoqi.security.generator.entity.ColumnEntity,getAttrname/0,attrname,1
com.github.wxiaoqi.security.generator.entity.ColumnEntity,getExtra/0,extra,1
com.github.wxiaoqi.security.modules.auth.bean.ClientInfo,setName/1[java.lang.String],name,3
com.github.wxiaoqi.security.modules.auth.bean.ClientInfo,getClientId/0,clientId,1
com.github.wxiaoqi.security.modules.auth.bean.ClientInfo,getName/0,name,1
com.github.wxiaoqi.security.modules.auth.bean.ClientInfo,"ClientInfo/3[java.lang.String,java.lang.String,java.lang.String]",clientId,3
com.github.wxiaoqi.security.modules.auth.bean.ClientInfo,"ClientInfo/3[java.lang.String,java.lang.String,java.lang.String]",name,3
com.github.wxiaoqi.security.modules.auth.bean.ClientInfo,"ClientInfo/3[java.lang.String,java.lang.String,java.lang.String]",id,3
com.github.wxiaoqi.security.modules.auth.bean.ClientInfo,getUniqueName/0,clientId,1
com.github.wxiaoqi.security.modules.auth.bean.ClientInfo,setId/1[java.lang.String],id,3
com.github.wxiaoqi.security.modules.auth.bean.ClientInfo,getId/0,id,1
com.github.wxiaoqi.security.modules.auth.bean.ClientInfo,setClientId/1[java.lang.String],clientId,3
com.github.wxiaoqi.security.generator.config.DynamicDataSource,determineCurrentLookupKey/0,logger,1
com.github.wxiaoqi.security.generator.config.DynamicDataSource,getDataSourceMap/0,dataSourceMap,1
com.github.wxiaoqi.security.generator.config.DynamicDataSource,"setTargetDataSources/1[java.util.Map<java.lang.Object,java.lang.Object>]",dataSourceMap,1
com.github.wxiaoqi.security.generator.config.DynamicDataSource,isExistDataSource/1[java.lang.String],dataSourceMap,1
com.github.wxiaoqi.security.generator.config.DynamicDataSource,getInstance/0,instance,4
com.github.wxiaoqi.security.generator.config.DynamicDataSource,getInstance/0,lock,1
com.github.wxiaoqi.security.api.vo.search.IndexObject,getDescripton/0,descripton,1
com.github.wxiaoqi.security.api.vo.search.IndexObject,getUrl/0,url,1
com.github.wxiaoqi.security.api.vo.search.IndexObject,getScore/0,score,1
com.github.wxiaoqi.security.api.vo.search.IndexObject,setScore/1[float],score,3
com.github.wxiaoqi.security.api.vo.search.IndexObject,setTitle/1[java.lang.String],title,3
com.github.wxiaoqi.security.api.vo.search.IndexObject,getPostDate/0,postDate,1
com.github.wxiaoqi.security.api.vo.search.IndexObject,compareTo/1[com.github.wxiaoqi.security.api.vo.search.IndexObject],score,2
com.github.wxiaoqi.security.api.vo.search.IndexObject,setDescripton/1[java.lang.String],descripton,3
com.github.wxiaoqi.security.api.vo.search.IndexObject,getTitle/0,title,1
com.github.wxiaoqi.security.api.vo.search.IndexObject,setPostDate/1[java.lang.String],postDate,3
com.github.wxiaoqi.security.api.vo.search.IndexObject,setKeywords/1[java.lang.String],keywords,3
com.github.wxiaoqi.security.api.vo.search.IndexObject,setId/1[java.lang.Long],id,3
com.github.wxiaoqi.security.api.vo.search.IndexObject,getKeywords/0,keywords,1
com.github.wxiaoqi.security.api.vo.search.IndexObject,getId/0,id,1
com.github.wxiaoqi.security.api.vo.search.IndexObject,setUrl/1[java.lang.String],url,3
com.github.wxiaoqi.security.api.vo.search.IndexObject,"IndexObject/5[java.lang.Long,java.lang.String,java.lang.String,java.lang.String,float]",score,1
com.github.wxiaoqi.security.api.vo.search.IndexObject,"IndexObject/5[java.lang.Long,java.lang.String,java.lang.String,java.lang.String,float]",keywords,1
com.github.wxiaoqi.security.api.vo.search.IndexObject,"IndexObject/5[java.lang.Long,java.lang.String,java.lang.String,java.lang.String,float]",postDate,1
com.github.wxiaoqi.security.api.vo.search.IndexObject,"IndexObject/5[java.lang.Long,java.lang.String,java.lang.String,java.lang.String,float]",id,1
com.github.wxiaoqi.security.api.vo.search.IndexObject,"IndexObject/5[java.lang.Long,java.lang.String,java.lang.String,java.lang.String,float]",descripton,1
com.github.wxiaoqi.security.generator.rest.GeneratorRest,"list/1[java.util.Map<java.lang.String,java.lang.Object>]",switchDB,1
com.github.wxiaoqi.security.generator.rest.GeneratorRest,"list/1[java.util.Map<java.lang.String,java.lang.Object>]",generatorService,2
com.github.wxiaoqi.security.generator.rest.GeneratorRest,"code/7[java.lang.String,java.lang.String,java.lang.String,java.lang.String,java.lang.String,java.lang.String,com.github.wxiaoqi.security.generator.rest.HttpServletResponse]",switchDB,1
com.github.wxiaoqi.security.generator.rest.GeneratorRest,"code/7[java.lang.String,java.lang.String,java.lang.String,java.lang.String,java.lang.String,java.lang.String,com.github.wxiaoqi.security.generator.rest.HttpServletResponse]",generatorService,1
com.github.wxiaoqi.security.generator.rest.GeneratorRest,getDbList/0,source,2
com.github.wxiaoqi.security.modules.auth.service.impl.AuthServiceImpl,validate/1[java.lang.String],jwtTokenUtil,1
com.github.wxiaoqi.security.modules.auth.service.impl.AuthServiceImpl,refresh/1[java.lang.String],jwtTokenUtil,2
com.github.wxiaoqi.security.modules.auth.service.impl.AuthServiceImpl,logout/1[java.lang.String],jwtTokenUtil,1
com.github.wxiaoqi.security.modules.auth.service.impl.AuthServiceImpl,logout/1[java.lang.String],stringRedisTemplate,2
com.github.wxiaoqi.security.modules.auth.service.impl.AuthServiceImpl,login/1[com.github.wxiaoqi.security.modules.auth.util.user.JwtAuthenticationRequest],jwtTokenUtil,1
com.github.wxiaoqi.security.modules.auth.service.impl.AuthServiceImpl,login/1[com.github.wxiaoqi.security.modules.auth.util.user.JwtAuthenticationRequest],permissionService,1
com.github.wxiaoqi.security.modules.auth.service.impl.AuthServiceImpl,writeOnlineLog/1[com.github.wxiaoqi.security.common.util.jwt.JWTInfo],stringRedisTemplate,2
com.github.wxiaoqi.security.modules.auth.service.impl.AuthServiceImpl,writeOnlineLog/1[com.github.wxiaoqi.security.common.util.jwt.JWTInfo],expire,1
com.github.wxiaoqi.security.auth.client.runner.AuthClientRunner,refreshUserPubKey/0,serviceAuthFeign,1
com.github.wxiaoqi.security.auth.client.runner.AuthClientRunner,refreshUserPubKey/0,serviceAuthConfig,2
com.github.wxiaoqi.security.auth.client.runner.AuthClientRunner,refreshUserPubKey/0,userAuthConfig,1
com.github.wxiaoqi.security.common.util.ReflectionUtils,"setFieldValue/3[java.lang.Object,java.lang.String,java.lang.Object]",logger,2
com.github.wxiaoqi.security.common.util.ReflectionUtils,"getClassGenricType/2[java.lang.Class,int]",logger,3
com.github.wxiaoqi.security.common.util.ReflectionUtils,"invokeGetter/2[java.lang.Object,java.lang.String]",GETTER_PREFIX,1
com.github.wxiaoqi.security.common.util.ReflectionUtils,getUserClass/1[java.lang.Object],CGLIB_CLASS_SEPARATOR,1
com.github.wxiaoqi.security.common.util.ReflectionUtils,"invokeSetter/3[java.lang.Object,java.lang.String,java.lang.Object]",GETTER_PREFIX,1
com.github.wxiaoqi.security.common.util.ReflectionUtils,"invokeSetter/3[java.lang.Object,java.lang.String,java.lang.Object]",SETTER_PREFIX,1
com.github.wxiaoqi.security.common.util.ReflectionUtils,"getFieldValue/2[java.lang.Object,java.lang.String]",logger,1
com.github.wxiaoqi.security.api.vo.log.LogInfo,"LogInfo/8[java.lang.String,java.lang.String,java.lang.String,java.util.Date,java.lang.String,java.lang.String,java.lang.String,java.lang.String]",opt,1
com.github.wxiaoqi.security.api.vo.log.LogInfo,"LogInfo/8[java.lang.String,java.lang.String,java.lang.String,java.util.Date,java.lang.String,java.lang.String,java.lang.String,java.lang.String]",crtName,3
com.github.wxiaoqi.security.api.vo.log.LogInfo,"LogInfo/8[java.lang.String,java.lang.String,java.lang.String,java.util.Date,java.lang.String,java.lang.String,java.lang.String,java.lang.String]",crtTime,3
com.github.wxiaoqi.security.api.vo.log.LogInfo,"LogInfo/8[java.lang.String,java.lang.String,java.lang.String,java.util.Date,java.lang.String,java.lang.String,java.lang.String,java.lang.String]",crtHost,3
com.github.wxiaoqi.security.api.vo.log.LogInfo,"LogInfo/8[java.lang.String,java.lang.String,java.lang.String,java.util.Date,java.lang.String,java.lang.String,java.lang.String,java.lang.String]",menu,3
com.github.wxiaoqi.security.api.vo.log.LogInfo,"LogInfo/8[java.lang.String,java.lang.String,java.lang.String,java.util.Date,java.lang.String,java.lang.String,java.lang.String,java.lang.String]",crtUser,3
com.github.wxiaoqi.security.api.vo.log.LogInfo,"LogInfo/8[java.lang.String,java.lang.String,java.lang.String,java.util.Date,java.lang.String,java.lang.String,java.lang.String,java.lang.String]",body,3
com.github.wxiaoqi.security.api.vo.log.LogInfo,"LogInfo/8[java.lang.String,java.lang.String,java.lang.String,java.util.Date,java.lang.String,java.lang.String,java.lang.String,java.lang.String]",uri,3
com.github.wxiaoqi.security.api.vo.log.LogInfo,setCrtTime/1[java.util.Date],crtTime,3
com.github.wxiaoqi.security.api.vo.log.LogInfo,getMenu/0,menu,1
com.github.wxiaoqi.security.api.vo.log.LogInfo,setMenu/1[java.lang.String],menu,3
com.github.wxiaoqi.security.api.vo.log.LogInfo,setCrtHost/1[java.lang.String],crtHost,3
com.github.wxiaoqi.security.api.vo.log.LogInfo,getCrtUser/0,crtUser,1
com.github.wxiaoqi.security.api.vo.log.LogInfo,setCrtName/1[java.lang.String],crtName,3
com.github.wxiaoqi.security.api.vo.log.LogInfo,getUri/0,uri,1
com.github.wxiaoqi.security.api.vo.log.LogInfo,setCrtUser/1[java.lang.String],crtUser,3
com.github.wxiaoqi.security.api.vo.log.LogInfo,setOpt/1[java.lang.String],opt,1
com.github.wxiaoqi.security.api.vo.log.LogInfo,getOpt/0,opt,1
com.github.wxiaoqi.security.api.vo.log.LogInfo,getCrtTime/0,crtTime,1
com.github.wxiaoqi.security.api.vo.log.LogInfo,getCrtHost/0,crtHost,1
com.github.wxiaoqi.security.api.vo.log.LogInfo,getBody/0,body,1
com.github.wxiaoqi.security.api.vo.log.LogInfo,getCrtName/0,crtName,1
com.github.wxiaoqi.security.api.vo.log.LogInfo,setUri/1[java.lang.String],uri,3
com.github.wxiaoqi.security.api.vo.log.LogInfo,setBody/1[java.lang.String],body,3
com.github.wxiaoqi.security.modules.auth.controller.ClientController,"getAllowedClient/2[java.lang.String,java.lang.String]",authClientService,1
com.github.wxiaoqi.security.modules.auth.controller.ClientController,"getUserPublicKey/2[java.lang.String,java.lang.String]",keyConfiguration,1
com.github.wxiaoqi.security.modules.auth.controller.ClientController,"getUserPublicKey/2[java.lang.String,java.lang.String]",authClientService,1
com.github.wxiaoqi.security.modules.admin.vo.AccessMenuTree,add/1[com.github.wxiaoqi.security.common.vo.TreeNode],nodes,1
com.github.wxiaoqi.security.modules.admin.vo.AccessMenuTree,setChildren/1[java.util.List<com.github.wxiaoqi.security.common.vo.TreeNode>],nodes,1
com.github.wxiaoqi.security.modules.admin.vo.FrontUser,setUsername/1[java.lang.String],username,3
com.github.wxiaoqi.security.modules.admin.vo.FrontUser,getName/0,name,1
com.github.wxiaoqi.security.modules.admin.vo.FrontUser,setId/1[java.lang.String],id,3
com.github.wxiaoqi.security.modules.admin.vo.FrontUser,setElements/1[java.util.List<com.github.wxiaoqi.security.api.vo.authority.PermissionInfo>],elements,3
com.github.wxiaoqi.security.modules.admin.vo.FrontUser,getImage/0,image,1
com.github.wxiaoqi.security.modules.admin.vo.FrontUser,setName/1[java.lang.String],name,3
com.github.wxiaoqi.security.modules.admin.vo.FrontUser,getDescription/0,description,1
com.github.wxiaoqi.security.modules.admin.vo.FrontUser,setDescription/1[java.lang.String],description,3
com.github.wxiaoqi.security.modules.admin.vo.FrontUser,getMenus/0,menus,1
com.github.wxiaoqi.security.modules.admin.vo.FrontUser,getElements/0,elements,1
com.github.wxiaoqi.security.modules.admin.vo.FrontUser,setImage/1[java.lang.String],image,3
com.github.wxiaoqi.security.modules.admin.vo.FrontUser,setMenus/1[java.util.List<com.github.wxiaoqi.security.api.vo.authority.PermissionInfo>],menus,3
com.github.wxiaoqi.security.modules.admin.vo.FrontUser,getUsername/0,username,1
com.github.wxiaoqi.security.modules.admin.vo.FrontUser,getId/0,id,1
com.github.wxiaoqi.oss.cloud.QiniuCloudStorageService,init/0,uploadManager,1
com.github.wxiaoqi.oss.cloud.QiniuCloudStorageService,init/0,token,1
com.github.wxiaoqi.oss.cloud.QiniuCloudStorageService,"upload/2[byte[],java.lang.String]",uploadManager,1
com.github.wxiaoqi.oss.cloud.QiniuCloudStorageService,"upload/2[byte[],java.lang.String]",token,1
com.github.wxiaoqi.search.lucene.util.IKTokenizer5x,end/0,endPosition,1
com.github.wxiaoqi.search.lucene.util.IKTokenizer5x,end/0,offsetAtt,1
com.github.wxiaoqi.search.lucene.util.IKTokenizer5x,incrementToken/0,_IKImplement,1
com.github.wxiaoqi.search.lucene.util.IKTokenizer5x,incrementToken/0,termAtt,2
com.github.wxiaoqi.search.lucene.util.IKTokenizer5x,incrementToken/0,typeAtt,1
com.github.wxiaoqi.search.lucene.util.IKTokenizer5x,incrementToken/0,endPosition,1
com.github.wxiaoqi.search.lucene.util.IKTokenizer5x,incrementToken/0,offsetAtt,1
com.github.wxiaoqi.search.lucene.util.IKTokenizer5x,reset/0,_IKImplement,1
com.github.wxiaoqi.search.lucene.util.IKTokenizer5x,IKTokenizer5x/1[boolean],termAtt,1
com.github.wxiaoqi.search.lucene.util.IKTokenizer5x,IKTokenizer5x/1[boolean],_IKImplement,1
com.github.wxiaoqi.search.lucene.util.IKTokenizer5x,IKTokenizer5x/1[boolean],typeAtt,1
com.github.wxiaoqi.search.lucene.util.IKTokenizer5x,IKTokenizer5x/1[boolean],offsetAtt,1
com.github.wxiaoqi.security.modules.admin.entity.Menu,setUpdHost/1[java.lang.String],updHost,4
com.github.wxiaoqi.security.modules.admin.entity.Menu,getPath/0,path,1
com.github.wxiaoqi.security.modules.admin.entity.Menu,setAttr6/1[java.lang.String],attr6,4
com.github.wxiaoqi.security.modules.admin.entity.Menu,setCode/1[java.lang.String],code,4
com.github.wxiaoqi.security.modules.admin.entity.Menu,getId/0,id,1
com.github.wxiaoqi.security.modules.admin.entity.Menu,setDescription/1[java.lang.String],description,4
com.github.wxiaoqi.security.modules.admin.entity.Menu,getCrtTime/0,crtTime,1
com.github.wxiaoqi.security.modules.admin.entity.Menu,getUpdTime/0,updTime,1
com.github.wxiaoqi.security.modules.admin.entity.Menu,setAttr3/1[java.lang.String],attr3,4
com.github.wxiaoqi.security.modules.admin.entity.Menu,setCrtUser/1[java.lang.String],crtUser,4
com.github.wxiaoqi.security.modules.admin.entity.Menu,setUpdTime/1[java.util.Date],updTime,4
com.github.wxiaoqi.security.modules.admin.entity.Menu,setAttr2/1[java.lang.String],attr2,4
com.github.wxiaoqi.security.modules.admin.entity.Menu,setType/1[java.lang.String],type,4
com.github.wxiaoqi.security.modules.admin.entity.Menu,getAttr7/0,attr7,1
com.github.wxiaoqi.security.modules.admin.entity.Menu,getType/0,type,1
com.github.wxiaoqi.security.modules.admin.entity.Menu,getParentId/0,parentId,1
com.github.wxiaoqi.security.modules.admin.entity.Menu,getAttr5/0,attr5,1
com.github.wxiaoqi.security.modules.admin.entity.Menu,getAttr6/0,attr6,1
com.github.wxiaoqi.security.modules.admin.entity.Menu,getIcon/0,icon,1
com.github.wxiaoqi.security.modules.admin.entity.Menu,setHref/1[java.lang.String],href,4
com.github.wxiaoqi.security.modules.admin.entity.Menu,setUpdUser/1[java.lang.String],updUser,4
com.github.wxiaoqi.security.modules.admin.entity.Menu,setParentId/1[java.lang.Integer],parentId,4
com.github.wxiaoqi.security.modules.admin.entity.Menu,setAttr4/1[java.lang.String],attr4,4
com.github.wxiaoqi.security.modules.admin.entity.Menu,getUpdName/0,updName,1
com.github.wxiaoqi.security.modules.admin.entity.Menu,getCrtName/0,crtName,1
com.github.wxiaoqi.security.modules.admin.entity.Menu,setIcon/1[java.lang.String],icon,4
com.github.wxiaoqi.security.modules.admin.entity.Menu,setAttr1/1[java.lang.String],attr1,4
com.github.wxiaoqi.security.modules.admin.entity.Menu,getUpdUser/0,updUser,1
com.github.wxiaoqi.security.modules.admin.entity.Menu,getCrtHost/0,crtHost,1
com.github.wxiaoqi.security.modules.admin.entity.Menu,getAttr3/0,attr3,1
com.github.wxiaoqi.security.modules.admin.entity.Menu,getAttr4/0,attr4,1
com.github.wxiaoqi.security.modules.admin.entity.Menu,setId/1[java.lang.Integer],id,4
com.github.wxiaoqi.security.modules.admin.entity.Menu,setAttr7/1[java.lang.String],attr7,4
com.github.wxiaoqi.security.modules.admin.entity.Menu,getHref/0,href,1
com.github.wxiaoqi.security.modules.admin.entity.Menu,setCrtTime/1[java.util.Date],crtTime,4
com.github.wxiaoqi.security.modules.admin.entity.Menu,getTitle/0,title,1
com.github.wxiaoqi.security.modules.admin.entity.Menu,getAttr2/0,attr2,1
com.github.wxiaoqi.security.modules.admin.entity.Menu,setAttr5/1[java.lang.String],attr5,4
com.github.wxiaoqi.security.modules.admin.entity.Menu,setUpdName/1[java.lang.String],updName,4
com.github.wxiaoqi.security.modules.admin.entity.Menu,getDescription/0,description,1
com.github.wxiaoqi.security.modules.admin.entity.Menu,getAttr8/0,attr8,1
com.github.wxiaoqi.security.modules.admin.entity.Menu,getUpdHost/0,updHost,1
com.github.wxiaoqi.security.modules.admin.entity.Menu,getCrtUser/0,crtUser,1
com.github.wxiaoqi.security.modules.admin.entity.Menu,getAttr1/0,attr1,1
com.github.wxiaoqi.security.modules.admin.entity.Menu,setAttr8/1[java.lang.String],attr8,4
com.github.wxiaoqi.security.modules.admin.entity.Menu,setCrtName/1[java.lang.String],crtName,4
com.github.wxiaoqi.security.modules.admin.entity.Menu,setPath/1[java.lang.String],path,4
com.github.wxiaoqi.security.modules.admin.entity.Menu,getCode/0,code,1
com.github.wxiaoqi.security.modules.admin.entity.Menu,setCrtHost/1[java.lang.String],crtHost,4
com.github.wxiaoqi.security.modules.admin.entity.Menu,setTitle/1[java.lang.String],title,4
com.github.wxiaoqi.security.generator.entity.TableEntity,setClassname/1[java.lang.String],classname,3
com.github.wxiaoqi.security.generator.entity.TableEntity,getColumns/0,columns,1
com.github.wxiaoqi.security.generator.entity.TableEntity,getPk/0,pk,1
com.github.wxiaoqi.security.generator.entity.TableEntity,setClassName/1[java.lang.String],className,3
com.github.wxiaoqi.security.generator.entity.TableEntity,setColumns/1[java.util.List<com.github.wxiaoqi.security.generator.entity.ColumnEntity>],columns,3
com.github.wxiaoqi.security.generator.entity.TableEntity,getTableName/0,tableName,1
com.github.wxiaoqi.security.generator.entity.TableEntity,getClassName/0,className,1
com.github.wxiaoqi.security.generator.entity.TableEntity,setTableName/1[java.lang.String],tableName,3
com.github.wxiaoqi.security.generator.entity.TableEntity,getComments/0,comments,1
com.github.wxiaoqi.security.generator.entity.TableEntity,setComments/1[java.lang.String],comments,3
com.github.wxiaoqi.security.generator.entity.TableEntity,setPk/1[com.github.wxiaoqi.security.generator.entity.ColumnEntity],pk,3
com.github.wxiaoqi.security.generator.entity.TableEntity,getClassname/0,classname,1
com.github.wxiaoqi.security.common.msg.BaseResponse,"BaseResponse/2[int,java.lang.String]",message,3
com.github.wxiaoqi.security.common.msg.BaseResponse,"BaseResponse/2[int,java.lang.String]",statusCode,1
com.github.wxiaoqi.security.common.msg.BaseResponse,setStatusCode/1[int],statusCode,3
com.github.wxiaoqi.security.common.msg.BaseResponse,getStatusCode/0,statusCode,1
com.github.wxiaoqi.security.common.msg.BaseResponse,getMessage/0,message,1
com.github.wxiaoqi.security.common.msg.BaseResponse,setMessage/1[java.lang.String],message,3
com.github.wxiaoqi.security.common.util.UUIDUtils,generateShortUuid/0,chars,1
com.github.wxiaoqi.security.modules.auth.util.user.JwtTokenUtil,generateToken/1[com.github.wxiaoqi.security.common.util.jwt.IJWTInfo],expire,1
com.github.wxiaoqi.security.modules.auth.util.user.JwtTokenUtil,generateToken/1[com.github.wxiaoqi.security.common.util.jwt.IJWTInfo],keyConfiguration,1
com.github.wxiaoqi.security.modules.auth.util.user.JwtTokenUtil,getInfoFromToken/1[java.lang.String],keyConfiguration,1
com.github.wxiaoqi.security.common.util.http.HttpUtils,"sendPost/2[java.lang.String,java.lang.String]",log,7
com.github.wxiaoqi.security.common.util.http.HttpUtils,"sendSSLPost/2[java.lang.String,java.lang.String]",log,6
com.github.wxiaoqi.security.common.util.http.HttpUtils,"sendGet/3[java.lang.String,java.lang.String,java.lang.String]",log,7
com.github.wxiaoqi.security.modules.admin.rpc.service.PermissionService,getPermissionByUsername/1[java.lang.String],menuBiz,1
com.github.wxiaoqi.security.modules.admin.rpc.service.PermissionService,getPermissionByUsername/1[java.lang.String],userBiz,1
com.github.wxiaoqi.security.modules.admin.rpc.service.PermissionService,getPermissionByUsername/1[java.lang.String],stringRedisTemplate,2
com.github.wxiaoqi.security.modules.admin.rpc.service.PermissionService,getPermissionByUsername/1[java.lang.String],elementBiz,1
com.github.wxiaoqi.security.modules.admin.rpc.service.PermissionService,getUserInfo/1[java.lang.String],userAuthUtil,1
com.github.wxiaoqi.security.modules.admin.rpc.service.PermissionService,getUserInfoV2/0,menuBiz,1
com.github.wxiaoqi.security.modules.admin.rpc.service.PermissionService,getUserInfoV2/0,userBiz,1
com.github.wxiaoqi.security.modules.admin.rpc.service.PermissionService,getUserInfoV2/0,elementBiz,1
com.github.wxiaoqi.security.modules.admin.rpc.service.PermissionService,getUserByUsername/1[java.lang.String],userBiz,1
com.github.wxiaoqi.security.modules.admin.rpc.service.PermissionService,"validate/2[java.lang.String,java.lang.String]",userBiz,1
com.github.wxiaoqi.security.modules.admin.rpc.service.PermissionService,"validate/2[java.lang.String,java.lang.String]",encoder,1
com.github.wxiaoqi.security.modules.admin.rpc.service.PermissionService,getAllPermission/0,menuBiz,1
com.github.wxiaoqi.security.modules.admin.rpc.service.PermissionService,getAllPermission/0,stringRedisTemplate,2
com.github.wxiaoqi.security.modules.admin.rpc.service.PermissionService,getAllPermission/0,elementBiz,1
com.github.wxiaoqi.security.modules.admin.rpc.service.PermissionService,getMenusByUsername/1[java.lang.String],menuBiz,1
com.github.wxiaoqi.security.modules.admin.rpc.service.PermissionService,getMenusByUsername/1[java.lang.String],userBiz,1
com.github.wxiaoqi.security.modules.admin.rpc.service.PermissionService,getMenusByUsername/1[java.lang.String],userAuthUtil,1
com.github.wxiaoqi.security.modules.admin.rest.UserController,getUserInfo/1[java.lang.String],permissionService,1
com.github.wxiaoqi.security.modules.admin.rest.UserController,getAllMenus/0,menuBiz,1
com.github.wxiaoqi.security.modules.admin.rest.UserController,getUserInfoV2/0,permissionService,1
com.github.wxiaoqi.security.modules.admin.rest.UserController,getMenusByUsername/1[java.lang.String],permissionService,1
com.github.wxiaoqi.security.auth.client.config.ServiceAuthConfig,getClientSecret/0,clientSecret,1
com.github.wxiaoqi.security.auth.client.config.ServiceAuthConfig,getClientId/0,clientId,2
com.github.wxiaoqi.security.auth.client.config.ServiceAuthConfig,getClientId/0,applicationName,1
com.github.wxiaoqi.security.auth.client.config.ServiceAuthConfig,setClientId/1[java.lang.String],clientId,3
com.github.wxiaoqi.security.auth.client.config.ServiceAuthConfig,setClientSecret/1[java.lang.String],clientSecret,3
com.github.wxiaoqi.security.auth.client.config.ServiceAuthConfig,setPubKeyByte/1[byte[]],pubKeyByte,3
com.github.wxiaoqi.security.auth.client.config.ServiceAuthConfig,getPubKeyByte/0,pubKeyByte,1
com.github.wxiaoqi.security.auth.client.interceptor.UserAuthRestInterceptor,"preHandle/3[com.github.wxiaoqi.security.auth.client.interceptor.HttpServletRequest,com.github.wxiaoqi.security.auth.client.interceptor.HttpServletResponse,java.lang.Object]",userAuthUtil,1
com.github.wxiaoqi.security.auth.client.interceptor.UserAuthRestInterceptor,"preHandle/3[com.github.wxiaoqi.security.auth.client.interceptor.HttpServletRequest,com.github.wxiaoqi.security.auth.client.interceptor.HttpServletResponse,java.lang.Object]",userAuthConfig,2
com.github.wxiaoqi.oss.controller.OssController,upload/1[com.github.wxiaoqi.oss.controller.MultipartFile],ossFactory,1
com.github.wxiaoqi.security.generator.service.GeneratorService,queryColumns/1[java.lang.String],generatorMapper,1
com.github.wxiaoqi.security.generator.service.GeneratorService,"queryTotal/1[java.util.Map<java.lang.String,java.lang.Object>]",generatorMapper,1
com.github.wxiaoqi.security.generator.service.GeneratorService,queryList/1[com.github.wxiaoqi.security.common.util.Query],generatorMapper,1
com.github.wxiaoqi.security.generator.service.GeneratorService,queryTable/1[java.lang.String],generatorMapper,1
com.github.wxiaoqi.security.common.exception.BaseException,setStatus/1[int],status,3
com.github.wxiaoqi.security.common.exception.BaseException,getStatus/0,status,1
com.github.wxiaoqi.security.common.exception.BaseException,"BaseException/2[java.lang.String,int]",status,3
com.github.wxiaoqi.security.common.msg.TableResultResponse,getData/0,data,1
com.github.wxiaoqi.security.common.msg.TableResultResponse,total/1[int],data,1
com.github.wxiaoqi.security.common.msg.TableResultResponse,total/1[java.util.List<T>],data,1
com.github.wxiaoqi.security.common.msg.TableResultResponse,setData/1[com.github.wxiaoqi.security.common.msg.TableResultResponse<T>.TableData<T>],data,3
com.github.wxiaoqi.security.common.msg.TableResultResponse,TableResultResponse/0,data,1
com.github.wxiaoqi.security.common.msg.TableResultResponse,"TableResultResponse/2[long,java.util.List<T>]",data,1
com.github.wxiaoqi.security.gate.filter.AccessGatewayFilter,isStartWith/1[java.lang.String],startWith,1
com.github.wxiaoqi.security.gate.filter.AccessGatewayFilter,"setCurrentUserInfoAndLog/3[com.github.wxiaoqi.security.gate.filter.ServerWebExchange,com.github.wxiaoqi.security.common.util.jwt.IJWTInfo,com.github.wxiaoqi.security.api.vo.authority.PermissionInfo]",logService,1
com.github.wxiaoqi.security.gate.filter.AccessGatewayFilter,"filter/2[com.github.wxiaoqi.security.gate.filter.ServerWebExchange,com.github.wxiaoqi.security.gate.filter.GatewayFilterChain]",GATE_WAY_PREFIX,2
com.github.wxiaoqi.security.gate.filter.AccessGatewayFilter,"filter/2[com.github.wxiaoqi.security.gate.filter.ServerWebExchange,com.github.wxiaoqi.security.gate.filter.GatewayFilterChain]",webClientBuilder,1
com.github.wxiaoqi.security.gate.filter.AccessGatewayFilter,"filter/2[com.github.wxiaoqi.security.gate.filter.ServerWebExchange,com.github.wxiaoqi.security.gate.filter.GatewayFilterChain]",userAuthConfig,1
com.github.wxiaoqi.security.gate.filter.AccessGatewayFilter,"getJWTUser/2[com.github.wxiaoqi.security.gate.filter.ServerHttpRequest,ServerHttpRequest.Builder]",stringRedisTemplate,1
com.github.wxiaoqi.security.gate.filter.AccessGatewayFilter,"getJWTUser/2[com.github.wxiaoqi.security.gate.filter.ServerHttpRequest,ServerHttpRequest.Builder]",userAuthUtil,1
com.github.wxiaoqi.security.gate.filter.AccessGatewayFilter,"getJWTUser/2[com.github.wxiaoqi.security.gate.filter.ServerHttpRequest,ServerHttpRequest.Builder]",userAuthConfig,2
com.github.wxiaoqi.security.gate.handler.RequestBodyRoutePredicateFactory,RequestBodyRoutePredicateFactory/0,messageReaders,2
com.github.wxiaoqi.security.gate.handler.RequestBodyRoutePredicateFactory,applyAsync/1[com.github.wxiaoqi.security.gate.handler.RequestBodyRoutePredicateFactory.Config],messageReaders,1
com.github.wxiaoqi.security.gate.handler.RequestBodyRoutePredicateFactory,applyAsync/1[com.github.wxiaoqi.security.gate.handler.RequestBodyRoutePredicateFactory.Config],LOGGER,2
com.github.wxiaoqi.security.gate.handler.RequestBodyRoutePredicateFactory,applyAsync/1[com.github.wxiaoqi.security.gate.handler.RequestBodyRoutePredicateFactory.Config],REQUEST_BODY_ATTR,3
com.github.wxiaoqi.security.gate.handler.RequestBodyRoutePredicateFactory,RequestBodyRoutePredicateFactory/1[java.util.List<com.github.wxiaoqi.security.gate.handler.HttpMessageReader<?>>],messageReaders,3
com.github.wxiaoqi.security.modules.admin.vo.AuthorityMenuTree,"AuthorityMenuTree/2[java.lang.String,java.util.List<com.github.wxiaoqi.security.modules.admin.vo.AuthorityMenuTree>]",nodes,3
com.github.wxiaoqi.security.modules.admin.vo.AuthorityMenuTree,"AuthorityMenuTree/2[java.lang.String,java.util.List<com.github.wxiaoqi.security.modules.admin.vo.AuthorityMenuTree>]",text,3
com.github.wxiaoqi.security.modules.admin.vo.AuthorityMenuTree,add/1[com.github.wxiaoqi.security.common.vo.TreeNode],nodes,1
com.github.wxiaoqi.security.modules.admin.vo.AuthorityMenuTree,getText/0,text,1
com.github.wxiaoqi.security.modules.admin.vo.AuthorityMenuTree,setText/1[java.lang.String],text,3
com.github.wxiaoqi.security.modules.admin.vo.AuthorityMenuTree,getNodes/0,nodes,1
com.github.wxiaoqi.security.modules.admin.vo.AuthorityMenuTree,setChildren/1[java.util.List<com.github.wxiaoqi.security.common.vo.TreeNode>],nodes,1
com.github.wxiaoqi.security.modules.admin.vo.AuthorityMenuTree,getIcon/0,icon,1
com.github.wxiaoqi.security.modules.admin.vo.AuthorityMenuTree,setIcon/1[java.lang.String],icon,3
com.github.wxiaoqi.security.modules.admin.vo.AuthorityMenuTree,setNodes/1[java.util.List<com.github.wxiaoqi.security.modules.admin.vo.AuthorityMenuTree>],nodes,3
com.github.wxiaoqi.security.modules.admin.entity.Element,setPath/1[java.lang.String],path,4
com.github.wxiaoqi.security.modules.admin.entity.Element,getCrtHost/0,crtHost,1
com.github.wxiaoqi.security.modules.admin.entity.Element,setCrtUser/1[java.lang.String],crtUser,4
com.github.wxiaoqi.security.modules.admin.entity.Element,setAttr2/1[java.lang.String],attr2,4
com.github.wxiaoqi.security.modules.admin.entity.Element,getAttr8/0,attr8,1
com.github.wxiaoqi.security.modules.admin.entity.Element,setAttr7/1[java.lang.String],attr7,4
com.github.wxiaoqi.security.modules.admin.entity.Element,setCrtName/1[java.lang.String],crtName,4
com.github.wxiaoqi.security.modules.admin.entity.Element,getCrtName/0,crtName,1
com.github.wxiaoqi.security.modules.admin.entity.Element,getAttr2/0,attr2,1
com.github.wxiaoqi.security.modules.admin.entity.Element,getMethod/0,method,1
com.github.wxiaoqi.security.modules.admin.entity.Element,getParentId/0,parentId,1
com.github.wxiaoqi.security.modules.admin.entity.Element,setAttr5/1[java.lang.String],attr5,4
com.github.wxiaoqi.security.modules.admin.entity.Element,setMethod/1[java.lang.String],method,4
com.github.wxiaoqi.security.modules.admin.entity.Element,getAttr4/0,attr4,1
com.github.wxiaoqi.security.modules.admin.entity.Element,setName/1[java.lang.String],name,4
com.github.wxiaoqi.security.modules.admin.entity.Element,setAttr4/1[java.lang.String],attr4,4
com.github.wxiaoqi.security.modules.admin.entity.Element,setType/1[java.lang.String],type,4
com.github.wxiaoqi.security.modules.admin.entity.Element,getAttr1/0,attr1,1
com.github.wxiaoqi.security.modules.admin.entity.Element,setAttr8/1[java.lang.String],attr8,4
com.github.wxiaoqi.security.modules.admin.entity.Element,getType/0,type,1
com.github.wxiaoqi.security.modules.admin.entity.Element,getMenuId/0,menuId,1
com.github.wxiaoqi.security.modules.admin.entity.Element,setUri/1[java.lang.String],uri,4
com.github.wxiaoqi.security.modules.admin.entity.Element,getAttr5/0,attr5,1
com.github.wxiaoqi.security.modules.admin.entity.Element,getId/0,id,1
com.github.wxiaoqi.security.modules.admin.entity.Element,setCode/1[java.lang.String],code,4
com.github.wxiaoqi.security.modules.admin.entity.Element,setMenuId/1[java.lang.String],menuId,4
com.github.wxiaoqi.security.modules.admin.entity.Element,getCrtUser/0,crtUser,1
com.github.wxiaoqi.security.modules.admin.entity.Element,getCode/0,code,1
com.github.wxiaoqi.security.modules.admin.entity.Element,setAttr3/1[java.lang.String],attr3,4
com.github.wxiaoqi.security.modules.admin.entity.Element,getName/0,name,1
com.github.wxiaoqi.security.modules.admin.entity.Element,setCrtHost/1[java.lang.String],crtHost,4
com.github.wxiaoqi.security.modules.admin.entity.Element,getAttr6/0,attr6,1
com.github.wxiaoqi.security.modules.admin.entity.Element,setCrtTime/1[java.util.Date],crtTime,4
com.github.wxiaoqi.security.modules.admin.entity.Element,setId/1[java.lang.Integer],id,4
com.github.wxiaoqi.security.modules.admin.entity.Element,setParentId/1[java.lang.String],parentId,4
com.github.wxiaoqi.security.modules.admin.entity.Element,getDescription/0,description,1
com.github.wxiaoqi.security.modules.admin.entity.Element,getUri/0,uri,1
com.github.wxiaoqi.security.modules.admin.entity.Element,getAttr7/0,attr7,1
com.github.wxiaoqi.security.modules.admin.entity.Element,setAttr1/1[java.lang.String],attr1,4
com.github.wxiaoqi.security.modules.admin.entity.Element,getPath/0,path,1
com.github.wxiaoqi.security.modules.admin.entity.Element,setDescription/1[java.lang.String],description,4
com.github.wxiaoqi.security.modules.admin.entity.Element,setAttr6/1[java.lang.String],attr6,4
com.github.wxiaoqi.security.modules.admin.entity.Element,getAttr3/0,attr3,1
com.github.wxiaoqi.security.modules.admin.entity.Element,getCrtTime/0,crtTime,1
com.github.wxiaoqi.config.LuceneConfiguration,luceneUtil/0,lucencePath,1
com.github.wxiaoqi.security.common.util.jwt.JWTInfo,setName/1[java.lang.String],name,3
com.github.wxiaoqi.security.common.util.jwt.JWTInfo,equals/1[java.lang.Object],userId,2
com.github.wxiaoqi.security.common.util.jwt.JWTInfo,equals/1[java.lang.Object],username,2
com.github.wxiaoqi.security.common.util.jwt.JWTInfo,setUserId/1[java.lang.String],userId,3
com.github.wxiaoqi.security.common.util.jwt.JWTInfo,getId/0,userId,1
com.github.wxiaoqi.security.common.util.jwt.JWTInfo,hashCode/0,userId,2
com.github.wxiaoqi.security.common.util.jwt.JWTInfo,hashCode/0,username,2
com.github.wxiaoqi.security.common.util.jwt.JWTInfo,"JWTInfo/3[java.lang.String,java.lang.String,java.lang.String]",tokenId,1
com.github.wxiaoqi.security.common.util.jwt.JWTInfo,"JWTInfo/3[java.lang.String,java.lang.String,java.lang.String]",name,3
com.github.wxiaoqi.security.common.util.jwt.JWTInfo,"JWTInfo/3[java.lang.String,java.lang.String,java.lang.String]",userId,3
com.github.wxiaoqi.security.common.util.jwt.JWTInfo,"JWTInfo/3[java.lang.String,java.lang.String,java.lang.String]",username,3
com.github.wxiaoqi.security.common.util.jwt.JWTInfo,setTokenId/1[java.lang.String],tokenId,3
com.github.wxiaoqi.security.common.util.jwt.JWTInfo,getTokenId/0,tokenId,1
com.github.wxiaoqi.security.common.util.jwt.JWTInfo,setUsername/1[java.lang.String],username,3
com.github.wxiaoqi.security.common.util.jwt.JWTInfo,getUniqueName/0,username,1
com.github.wxiaoqi.security.common.util.jwt.JWTInfo,"JWTInfo/4[java.lang.String,java.lang.String,java.lang.String,java.lang.String]",tokenId,3
com.github.wxiaoqi.security.common.util.jwt.JWTInfo,"JWTInfo/4[java.lang.String,java.lang.String,java.lang.String,java.lang.String]",name,3
com.github.wxiaoqi.security.common.util.jwt.JWTInfo,"JWTInfo/4[java.lang.String,java.lang.String,java.lang.String,java.lang.String]",userId,3
com.github.wxiaoqi.security.common.util.jwt.JWTInfo,"JWTInfo/4[java.lang.String,java.lang.String,java.lang.String,java.lang.String]",username,3
com.github.wxiaoqi.security.common.util.jwt.JWTInfo,getName/0,name,1
com.github.wxiaoqi.security.modules.auth.biz.ClientBiz,"modifyClientServices/2[int,java.lang.String]",clientServiceBiz,1
com.github.wxiaoqi.security.modules.auth.biz.ClientBiz,"modifyClientServices/2[int,java.lang.String]",clientServiceMapper,1
com.github.wxiaoqi.security.common.util.AddressUtils,getRealAddressByIP/1[java.lang.String],IP_URL,1
com.github.wxiaoqi.security.common.util.AddressUtils,getRealAddressByIP/1[java.lang.String],UNKNOWN,2
com.github.wxiaoqi.security.modules.admin.rpc.UserRest,"checkUserPermission/3[java.lang.String,java.lang.String,java.lang.String]",permissionService,1
com.github.wxiaoqi.security.modules.admin.rpc.UserRest,getAllPermission/0,permissionService,1
com.github.wxiaoqi.security.modules.admin.rpc.UserRest,getPermissionByUsername/1[java.lang.String],permissionService,1
com.github.wxiaoqi.security.modules.admin.vo.GroupUsers,setMembers/1[java.util.List<com.github.wxiaoqi.security.modules.admin.entity.User>],members,3
com.github.wxiaoqi.security.modules.admin.vo.GroupUsers,getLeaders/0,leaders,1
com.github.wxiaoqi.security.modules.admin.vo.GroupUsers,setLeaders/1[java.util.List<com.github.wxiaoqi.security.modules.admin.entity.User>],leaders,3
com.github.wxiaoqi.security.modules.admin.vo.GroupUsers,getMembers/0,members,1
com.github.wxiaoqi.security.modules.admin.vo.GroupUsers,"GroupUsers/2[java.util.List<com.github.wxiaoqi.security.modules.admin.entity.User>,java.util.List<com.github.wxiaoqi.security.modules.admin.entity.User>]",members,3
com.github.wxiaoqi.security.modules.admin.vo.GroupUsers,"GroupUsers/2[java.util.List<com.github.wxiaoqi.security.modules.admin.entity.User>,java.util.List<com.github.wxiaoqi.security.modules.admin.entity.User>]",leaders,3
com.github.wxiaoqi.security.modules.admin.rest.ElementController,getAuthorityElement/1[java.lang.String],userBiz,1
com.github.wxiaoqi.security.modules.admin.rest.ElementController,getAuthorityElement/0,userBiz,1
com.github.wxiaoqi.security.modules.auth.controller.OnlineController,forceLogout/1[java.lang.String],stringRedisTemplate,2
com.github.wxiaoqi.security.modules.auth.controller.OnlineController,"getOnlineInfo/2[int,int]",stringRedisTemplate,5
com.github.wxiaoqi.security.auth.client.interceptor.OkHttpTokenInterceptor,intercept/1[com.github.wxiaoqi.security.auth.client.interceptor.Chain],userAuthConfig,1
com.github.wxiaoqi.security.generator.config.DynamicDatasourceConfig,dynamicDataSource/0,source,2
com.github.wxiaoqi.security.sample.entity.SampleDataTest,getCrtUserName/0,crtUserName,1
com.github.wxiaoqi.security.sample.entity.SampleDataTest,getId/0,id,1
com.github.wxiaoqi.security.sample.entity.SampleDataTest,getTenantId/0,tenantId,1
com.github.wxiaoqi.security.sample.entity.SampleDataTest,getDepartId/0,departId,1
com.github.wxiaoqi.security.sample.entity.SampleDataTest,setCrtUserId/1[java.lang.String],crtUserId,3
com.github.wxiaoqi.security.sample.entity.SampleDataTest,setId/1[java.lang.Integer],id,3
com.github.wxiaoqi.security.sample.entity.SampleDataTest,setUpdTime/1[java.util.Date],updTime,3
com.github.wxiaoqi.security.sample.entity.SampleDataTest,setDepartId/1[java.lang.String],departId,3
com.github.wxiaoqi.security.sample.entity.SampleDataTest,setUpdUserName/1[java.lang.String],updUserName,3
com.github.wxiaoqi.security.sample.entity.SampleDataTest,getUpdUserId/0,updUserId,1
com.github.wxiaoqi.security.sample.entity.SampleDataTest,setCrtUserName/1[java.lang.String],crtUserName,3
com.github.wxiaoqi.security.sample.entity.SampleDataTest,setName/1[java.lang.String],name,3
com.github.wxiaoqi.security.sample.entity.SampleDataTest,getCrtUserId/0,crtUserId,1
com.github.wxiaoqi.security.sample.entity.SampleDataTest,getCrtTime/0,crtTime,1
com.github.wxiaoqi.security.sample.entity.SampleDataTest,setTenantId/1[java.lang.String],tenantId,3
com.github.wxiaoqi.security.sample.entity.SampleDataTest,setUpdUserId/1[java.lang.String],updUserId,3
com.github.wxiaoqi.security.sample.entity.SampleDataTest,getUpdTime/0,updTime,1
com.github.wxiaoqi.security.sample.entity.SampleDataTest,getUpdUserName/0,updUserName,1
com.github.wxiaoqi.security.sample.entity.SampleDataTest,getName/0,name,1
com.github.wxiaoqi.security.sample.entity.SampleDataTest,setCrtTime/1[java.util.Date],crtTime,3
com.github.wxiaoqi.search.lucene.util.IKAnalyzer5x,createComponents/1[java.lang.String],useSmart,1
com.github.wxiaoqi.search.lucene.util.IKAnalyzer5x,IKAnalyzer5x/1[boolean],useSmart,4
com.github.wxiaoqi.search.lucene.util.IKAnalyzer5x,useSmart/0,useSmart,2
com.github.wxiaoqi.search.lucene.util.IKAnalyzer5x,setUseSmart/1[boolean],useSmart,3
com.github.wxiaoqi.security.common.util.Query,getLimit/0,limit,1
com.github.wxiaoqi.security.common.util.Query,setLimit/1[int],limit,3
com.github.wxiaoqi.security.common.util.Query,"Query/1[java.util.Map<java.lang.String,java.lang.Object>]",limit,1
com.github.wxiaoqi.security.common.util.Query,"Query/1[java.util.Map<java.lang.String,java.lang.Object>]",page,1
com.github.wxiaoqi.security.common.util.Query,setPage/1[int],page,3
com.github.wxiaoqi.security.common.util.Query,getPage/0,page,1
com.github.wxiaoqi.security.auth.client.config.UserAuthConfig,getPubKeyByte/0,pubKeyByte,1
com.github.wxiaoqi.security.auth.client.config.UserAuthConfig,setPubKeyByte/1[byte[]],pubKeyByte,3
com.github.wxiaoqi.security.auth.client.config.UserAuthConfig,getTokenHeader/0,tokenHeader,1
com.github.wxiaoqi.security.auth.client.config.UserAuthConfig,setTokenHeader/1[java.lang.String],tokenHeader,3
com.github.wxiaoqi.security.modules.admin.entity.Group,setUpdHost/1[java.lang.String],updHost,4
com.github.wxiaoqi.security.modules.admin.entity.Group,getId/0,id,1
com.github.wxiaoqi.security.modules.admin.entity.Group,setAttr1/1[java.lang.String],attr1,4
com.github.wxiaoqi.security.modules.admin.entity.Group,setAttr6/1[java.lang.String],attr6,4
com.github.wxiaoqi.security.modules.admin.entity.Group,setCode/1[java.lang.String],code,4
com.github.wxiaoqi.security.modules.admin.entity.Group,getUpdUser/0,updUser,1
com.github.wxiaoqi.security.modules.admin.entity.Group,getCrtTime/0,crtTime,1
com.github.wxiaoqi.security.modules.admin.entity.Group,setAttr3/1[java.lang.String],attr3,4
com.github.wxiaoqi.security.modules.admin.entity.Group,setDescription/1[java.lang.String],description,4
com.github.wxiaoqi.security.modules.admin.entity.Group,getUpdTime/0,updTime,1
com.github.wxiaoqi.security.modules.admin.entity.Group,getAttr6/0,attr6,1
com.github.wxiaoqi.security.modules.admin.entity.Group,setCrtUser/1[java.lang.String],crtUser,4
com.github.wxiaoqi.security.modules.admin.entity.Group,getUpdHost/0,updHost,1
com.github.wxiaoqi.security.modules.admin.entity.Group,setName/1[java.lang.String],name,4
com.github.wxiaoqi.security.modules.admin.entity.Group,getAttr4/0,attr4,1
com.github.wxiaoqi.security.modules.admin.entity.Group,getCrtHost/0,crtHost,1
com.github.wxiaoqi.security.modules.admin.entity.Group,getAttr3/0,attr3,1
com.github.wxiaoqi.security.modules.admin.entity.Group,setId/1[java.lang.Integer],id,4
com.github.wxiaoqi.security.modules.admin.entity.Group,setAttr7/1[java.lang.String],attr7,4
com.github.wxiaoqi.security.modules.admin.entity.Group,getPath/0,path,1
com.github.wxiaoqi.security.modules.admin.entity.Group,setUpdTime/1[java.util.Date],updTime,4
com.github.wxiaoqi.security.modules.admin.entity.Group,setAttr2/1[java.lang.String],attr2,4
com.github.wxiaoqi.security.modules.admin.entity.Group,getGroupType/0,groupType,1
com.github.wxiaoqi.security.modules.admin.entity.Group,setCrtTime/1[java.util.Date],crtTime,4
com.github.wxiaoqi.security.modules.admin.entity.Group,getAttr7/0,attr7,1
com.github.wxiaoqi.security.modules.admin.entity.Group,setPath/1[java.lang.String],path,4
com.github.wxiaoqi.security.modules.admin.entity.Group,setUpdName/1[java.lang.String],updName,4
com.github.wxiaoqi.security.modules.admin.entity.Group,getAttr5/0,attr5,1
com.github.wxiaoqi.security.modules.admin.entity.Group,getAttr2/0,attr2,1
com.github.wxiaoqi.security.modules.admin.entity.Group,getDescription/0,description,1
com.github.wxiaoqi.security.modules.admin.entity.Group,getAttr8/0,attr8,1
com.github.wxiaoqi.security.modules.admin.entity.Group,setCrtName/1[java.lang.String],crtName,4
com.github.wxiaoqi.security.modules.admin.entity.Group,setType/1[java.lang.String],type,4
com.github.wxiaoqi.security.modules.admin.entity.Group,setAttr5/1[java.lang.String],attr5,4
com.github.wxiaoqi.security.modules.admin.entity.Group,getName/0,name,1
com.github.wxiaoqi.security.modules.admin.entity.Group,getParentId/0,parentId,1
com.github.wxiaoqi.security.modules.admin.entity.Group,getType/0,type,1
com.github.wxiaoqi.security.modules.admin.entity.Group,getCrtUser/0,crtUser,1
com.github.wxiaoqi.security.modules.admin.entity.Group,getAttr1/0,attr1,1
com.github.wxiaoqi.security.modules.admin.entity.Group,setAttr8/1[java.lang.String],attr8,4
com.github.wxiaoqi.security.modules.admin.entity.Group,setUpdUser/1[java.lang.String],updUser,4
com.github.wxiaoqi.security.modules.admin.entity.Group,setGroupType/1[java.lang.Integer],groupType,4
com.github.wxiaoqi.security.modules.admin.entity.Group,setCrtHost/1[java.lang.String],crtHost,4
com.github.wxiaoqi.security.modules.admin.entity.Group,getCode/0,code,1
com.github.wxiaoqi.security.modules.admin.entity.Group,getUpdName/0,updName,1
com.github.wxiaoqi.security.modules.admin.entity.Group,setAttr4/1[java.lang.String],attr4,4
com.github.wxiaoqi.security.modules.admin.entity.Group,getCrtName/0,crtName,1
com.github.wxiaoqi.security.modules.admin.entity.Group,setParentId/1[java.lang.Integer],parentId,4
com.github.wxiaoqi.security.modules.admin.biz.UserBiz,insertSelective/1[com.github.wxiaoqi.security.modules.admin.entity.User],encoder,1
com.github.wxiaoqi.security.modules.auth.service.impl.DBAuthClientService,registryClient/0,discovery,1
com.github.wxiaoqi.security.modules.auth.service.impl.DBAuthClientService,registryClient/0,clientMapper,2
com.github.wxiaoqi.security.modules.auth.service.impl.DBAuthClientService,getAllowedClient/1[java.lang.String],clientMapper,1
com.github.wxiaoqi.security.modules.auth.service.impl.DBAuthClientService,getClient/1[java.lang.String],clientMapper,1
com.github.wxiaoqi.security.modules.auth.service.impl.DBAuthClientService,"getClient/2[java.lang.String,java.lang.String]",clientMapper,1
com.github.wxiaoqi.security.modules.auth.service.impl.DBAuthClientService,"validate/2[java.lang.String,java.lang.String]",clientMapper,1
com.github.wxiaoqi.security.modules.auth.service.impl.DBAuthClientService,"getAllowedClient/2[java.lang.String,java.lang.String]",clientMapper,1
com.github.wxiaoqi.security.modules.auth.service.impl.DBAuthClientService,DBAuthClientService/1[com.github.wxiaoqi.security.modules.auth.service.impl.ApplicationContext],context,3
com.github.wxiaoqi.security.api.vo.authority.PermissionInfo,setMenu/1[java.lang.String],menu,3
com.github.wxiaoqi.security.api.vo.authority.PermissionInfo,setUri/1[java.lang.String],uri,3
com.github.wxiaoqi.security.api.vo.authority.PermissionInfo,setName/1[java.lang.String],name,3
com.github.wxiaoqi.security.api.vo.authority.PermissionInfo,getMethod/0,method,1
com.github.wxiaoqi.security.api.vo.authority.PermissionInfo,setMethod/1[java.lang.String],method,3
com.github.wxiaoqi.security.api.vo.authority.PermissionInfo,getUri/0,uri,1
com.github.wxiaoqi.security.api.vo.authority.PermissionInfo,getName/0,name,1
com.github.wxiaoqi.security.api.vo.authority.PermissionInfo,getCode/0,code,1
com.github.wxiaoqi.security.api.vo.authority.PermissionInfo,getType/0,type,1
com.github.wxiaoqi.security.api.vo.authority.PermissionInfo,setCode/1[java.lang.String],code,3
com.github.wxiaoqi.security.api.vo.authority.PermissionInfo,setType/1[java.lang.String],type,3
com.github.wxiaoqi.security.api.vo.authority.PermissionInfo,getMenu/0,menu,1
com.github.wxiaoqi.security.modules.admin.biz.GroupBiz,getGroupUsers/1[int],userMapper,2
com.github.wxiaoqi.security.modules.admin.biz.GroupBiz,"modifyAuthorityMenu/2[int,java.lang.String[]]",resourceAuthorityMapper,2
com.github.wxiaoqi.security.modules.admin.biz.GroupBiz,"modifyAuthorityMenu/2[int,java.lang.String[]]",menuMapper,1
com.github.wxiaoqi.security.modules.admin.biz.GroupBiz,"modifyAuthorityElement/3[int,int,int]",resourceAuthorityMapper,1
com.github.wxiaoqi.security.modules.admin.biz.GroupBiz,"removeAuthorityElement/3[int,int,int]",resourceAuthorityMapper,1
com.github.wxiaoqi.security.modules.admin.biz.GroupBiz,getAuthorityElement/1[int],resourceAuthorityMapper,1
com.github.wxiaoqi.security.modules.admin.biz.GroupBiz,getAuthorityMenu/1[int],menuMapper,1
com.github.wxiaoqi.security.modules.admin.vo.GroupTree,getLabel/0,label,1
com.github.wxiaoqi.security.modules.admin.vo.GroupTree,setName/1[java.lang.String],name,3
com.github.wxiaoqi.security.modules.admin.vo.GroupTree,setLabel/1[java.lang.String],label,3
com.github.wxiaoqi.security.modules.admin.vo.GroupTree,getName/0,name,1
com.github.wxiaoqi.search.service.impl.LuceneServiceImpl,delete/1[com.github.wxiaoqi.security.api.vo.search.IndexObject],luceneDao,1
com.github.wxiaoqi.search.service.impl.LuceneServiceImpl,update/1[com.github.wxiaoqi.security.api.vo.search.IndexObject],luceneDao,1
com.github.wxiaoqi.search.service.impl.LuceneServiceImpl,save/1[com.github.wxiaoqi.security.api.vo.search.IndexObject],luceneDao,1
com.github.wxiaoqi.search.service.impl.LuceneServiceImpl,deleteAll/0,luceneDao,1
com.github.wxiaoqi.search.service.impl.LuceneServiceImpl,"page/3[java.lang.Integer,java.lang.Integer,java.lang.String]",luceneDao,1
com.github.wxiaoqi.security.api.vo.user.UserInfo,setPassword/1[java.lang.String],password,3
com.github.wxiaoqi.security.api.vo.user.UserInfo,getDescription/0,description,1
com.github.wxiaoqi.security.api.vo.user.UserInfo,setUsername/1[java.lang.String],username,3
com.github.wxiaoqi.security.api.vo.user.UserInfo,getUsername/0,username,1
com.github.wxiaoqi.security.api.vo.user.UserInfo,setId/1[java.lang.String],id,3
com.github.wxiaoqi.security.api.vo.user.UserInfo,setUpdTime/1[java.util.Date],updTime,3
com.github.wxiaoqi.security.api.vo.user.UserInfo,getName/0,name,1
com.github.wxiaoqi.security.api.vo.user.UserInfo,setName/1[java.lang.String],name,3
com.github.wxiaoqi.security.api.vo.user.UserInfo,getUpdTime/0,updTime,1
com.github.wxiaoqi.security.api.vo.user.UserInfo,getPassword/0,password,1
com.github.wxiaoqi.security.api.vo.user.UserInfo,setDescription/1[java.lang.String],description,3
com.github.wxiaoqi.security.api.vo.user.UserInfo,getId/0,id,1
com.github.wxiaoqi.security.modules.admin.entity.GroupType,setDescription/1[java.lang.String],description,4
com.github.wxiaoqi.security.modules.admin.entity.GroupType,setAttr6/1[java.lang.String],attr6,4
com.github.wxiaoqi.security.modules.admin.entity.GroupType,setUpdHost/1[java.lang.String],updHost,4
com.github.wxiaoqi.security.modules.admin.entity.GroupType,setCrtHost/1[java.lang.String],crtHost,4
com.github.wxiaoqi.security.modules.admin.entity.GroupType,getCrtTime/0,crtTime,1
com.github.wxiaoqi.security.modules.admin.entity.GroupType,setAttr3/1[java.lang.String],attr3,4
com.github.wxiaoqi.security.modules.admin.entity.GroupType,getAttr6/0,attr6,1
com.github.wxiaoqi.security.modules.admin.entity.GroupType,setCrtTime/1[java.util.Date],crtTime,4
com.github.wxiaoqi.security.modules.admin.entity.GroupType,getAttr4/0,attr4,1
com.github.wxiaoqi.security.modules.admin.entity.GroupType,getUpdTime/0,updTime,1
com.github.wxiaoqi.security.modules.admin.entity.GroupType,getUpdHost/0,updHost,1
com.github.wxiaoqi.security.modules.admin.entity.GroupType,getId/0,id,1
com.github.wxiaoqi.security.modules.admin.entity.GroupType,getName/0,name,1
com.github.wxiaoqi.security.modules.admin.entity.GroupType,getAttr7/0,attr7,1
com.github.wxiaoqi.security.modules.admin.entity.GroupType,getCrtHost/0,crtHost,1
com.github.wxiaoqi.security.modules.admin.entity.GroupType,setAttr1/1[java.lang.String],attr1,4
com.github.wxiaoqi.security.modules.admin.entity.GroupType,getAttr3/0,attr3,1
com.github.wxiaoqi.security.modules.admin.entity.GroupType,setCode/1[java.lang.String],code,4
com.github.wxiaoqi.security.modules.admin.entity.GroupType,setUpdName/1[java.lang.String],updName,4
com.github.wxiaoqi.security.modules.admin.entity.GroupType,setUpdTime/1[java.util.Date],updTime,4
com.github.wxiaoqi.security.modules.admin.entity.GroupType,setName/1[java.lang.String],name,4
com.github.wxiaoqi.security.modules.admin.entity.GroupType,getDescription/0,description,1
com.github.wxiaoqi.security.modules.admin.entity.GroupType,getAttr8/0,attr8,1
com.github.wxiaoqi.security.modules.admin.entity.GroupType,setAttr7/1[java.lang.String],attr7,4
com.github.wxiaoqi.security.modules.admin.entity.GroupType,setAttr2/1[java.lang.String],attr2,4
com.github.wxiaoqi.security.modules.admin.entity.GroupType,getCode/0,code,1
com.github.wxiaoqi.security.modules.admin.entity.GroupType,getAttr2/0,attr2,1
com.github.wxiaoqi.security.modules.admin.entity.GroupType,setId/1[java.lang.Integer],id,4
com.github.wxiaoqi.security.modules.admin.entity.GroupType,setCrtName/1[java.lang.String],crtName,4
com.github.wxiaoqi.security.modules.admin.entity.GroupType,setCrtUser/1[java.lang.String],crtUser,4
com.github.wxiaoqi.security.modules.admin.entity.GroupType,setAttr5/1[java.lang.String],attr5,4
com.github.wxiaoqi.security.modules.admin.entity.GroupType,setAttr4/1[java.lang.String],attr4,4
com.github.wxiaoqi.security.modules.admin.entity.GroupType,getCrtName/0,crtName,1
com.github.wxiaoqi.security.modules.admin.entity.GroupType,getCrtUser/0,crtUser,1
com.github.wxiaoqi.security.modules.admin.entity.GroupType,getAttr1/0,attr1,1
com.github.wxiaoqi.security.modules.admin.entity.GroupType,setAttr8/1[java.lang.String],attr8,4
com.github.wxiaoqi.security.modules.admin.entity.GroupType,getUpdUser/0,updUser,1
com.github.wxiaoqi.security.modules.admin.entity.GroupType,getUpdName/0,updName,1
com.github.wxiaoqi.security.modules.admin.entity.GroupType,setUpdUser/1[java.lang.String],updUser,4
com.github.wxiaoqi.security.modules.admin.entity.GroupType,getAttr5/0,attr5,1
com.github.wxiaoqi.security.modules.admin.entity.ResourceAuthority,getAttr7/0,attr7,1
com.github.wxiaoqi.security.modules.admin.entity.ResourceAuthority,getPath/0,path,1
com.github.wxiaoqi.security.modules.admin.entity.ResourceAuthority,setDescription/1[java.lang.String],description,4
com.github.wxiaoqi.security.modules.admin.entity.ResourceAuthority,getId/0,id,1
com.github.wxiaoqi.security.modules.admin.entity.ResourceAuthority,setAuthorityId/1[java.lang.String],authorityId,4
com.github.wxiaoqi.security.modules.admin.entity.ResourceAuthority,setCrtHost/1[java.lang.String],crtHost,4
com.github.wxiaoqi.security.modules.admin.entity.ResourceAuthority,getCrtTime/0,crtTime,1
com.github.wxiaoqi.security.modules.admin.entity.ResourceAuthority,getParentId/0,parentId,1
com.github.wxiaoqi.security.modules.admin.entity.ResourceAuthority,setAttr6/1[java.lang.String],attr6,4
com.github.wxiaoqi.security.modules.admin.entity.ResourceAuthority,getAttr1/0,attr1,1
com.github.wxiaoqi.security.modules.admin.entity.ResourceAuthority,setAttr1/1[java.lang.String],attr1,4
com.github.wxiaoqi.security.modules.admin.entity.ResourceAuthority,setCrtTime/1[java.util.Date],crtTime,4
com.github.wxiaoqi.security.modules.admin.entity.ResourceAuthority,getAttr3/0,attr3,1
com.github.wxiaoqi.security.modules.admin.entity.ResourceAuthority,setAttr3/1[java.lang.String],attr3,4
com.github.wxiaoqi.security.modules.admin.entity.ResourceAuthority,"ResourceAuthority/2[java.lang.String,java.lang.String]",authorityType,3
com.github.wxiaoqi.security.modules.admin.entity.ResourceAuthority,"ResourceAuthority/2[java.lang.String,java.lang.String]",resourceType,3
com.github.wxiaoqi.security.modules.admin.entity.ResourceAuthority,getResourceId/0,resourceId,1
com.github.wxiaoqi.security.modules.admin.entity.ResourceAuthority,getCrtHost/0,crtHost,1
com.github.wxiaoqi.security.modules.admin.entity.ResourceAuthority,getAttr4/0,attr4,1
com.github.wxiaoqi.security.modules.admin.entity.ResourceAuthority,getAuthorityId/0,authorityId,1
com.github.wxiaoqi.security.modules.admin.entity.ResourceAuthority,setAttr2/1[java.lang.String],attr2,4
com.github.wxiaoqi.security.modules.admin.entity.ResourceAuthority,setAttr7/1[java.lang.String],attr7,4
com.github.wxiaoqi.security.modules.admin.entity.ResourceAuthority,setAttr5/1[java.lang.String],attr5,4
com.github.wxiaoqi.security.modules.admin.entity.ResourceAuthority,getDescription/0,description,1
com.github.wxiaoqi.security.modules.admin.entity.ResourceAuthority,setId/1[java.lang.Integer],id,4
com.github.wxiaoqi.security.modules.admin.entity.ResourceAuthority,getAttr5/0,attr5,1
com.github.wxiaoqi.security.modules.admin.entity.ResourceAuthority,setParentId/1[java.lang.String],parentId,4
com.github.wxiaoqi.security.modules.admin.entity.ResourceAuthority,setCrtName/1[java.lang.String],crtName,4
com.github.wxiaoqi.security.modules.admin.entity.ResourceAuthority,setCrtUser/1[java.lang.String],crtUser,4
com.github.wxiaoqi.security.modules.admin.entity.ResourceAuthority,setAttr8/1[java.lang.String],attr8,4
com.github.wxiaoqi.security.modules.admin.entity.ResourceAuthority,getAttr8/0,attr8,1
com.github.wxiaoqi.security.modules.admin.entity.ResourceAuthority,getAuthorityType/0,authorityType,1
com.github.wxiaoqi.security.modules.admin.entity.ResourceAuthority,setResourceId/1[java.lang.String],resourceId,4
com.github.wxiaoqi.security.modules.admin.entity.ResourceAuthority,getCrtName/0,crtName,1
com.github.wxiaoqi.security.modules.admin.entity.ResourceAuthority,setAuthorityType/1[java.lang.String],authorityType,4
com.github.wxiaoqi.security.modules.admin.entity.ResourceAuthority,setResourceType/1[java.lang.String],resourceType,4
com.github.wxiaoqi.security.modules.admin.entity.ResourceAuthority,getAttr6/0,attr6,1
com.github.wxiaoqi.security.modules.admin.entity.ResourceAuthority,getCrtUser/0,crtUser,1
com.github.wxiaoqi.security.modules.admin.entity.ResourceAuthority,setAttr4/1[java.lang.String],attr4,4
com.github.wxiaoqi.security.modules.admin.entity.ResourceAuthority,setPath/1[java.lang.String],path,4
com.github.wxiaoqi.security.modules.admin.entity.ResourceAuthority,getResourceType/0,resourceType,1
com.github.wxiaoqi.security.modules.admin.entity.ResourceAuthority,getAttr2/0,attr2,1
com.github.wxiaoqi.security.modules.auth.interceptor.UserAuthRestInterceptor,"preHandle/3[com.github.wxiaoqi.security.modules.auth.interceptor.HttpServletRequest,com.github.wxiaoqi.security.modules.auth.interceptor.HttpServletResponse,java.lang.Object]",jwtTokenUtil,1
com.github.wxiaoqi.security.modules.auth.interceptor.UserAuthRestInterceptor,"preHandle/3[com.github.wxiaoqi.security.modules.auth.interceptor.HttpServletRequest,com.github.wxiaoqi.security.modules.auth.interceptor.HttpServletResponse,java.lang.Object]",userConfiguration,2
com.github.wxiaoqi.security.gate.service.LogServiceImpl,saveLog/1[com.github.wxiaoqi.security.api.vo.log.LogInfo],webClientBuilder,1
com.github.wxiaoqi.security.gate.handler.RequestBodyRoutePredicateFactory$Config,setSources/1[java.lang.String[]],sources,3
com.github.wxiaoqi.security.gate.handler.RequestBodyRoutePredicateFactory$Config,setSources/1[java.util.List<java.lang.String>],sources,3
com.github.wxiaoqi.security.gate.handler.RequestBodyRoutePredicateFactory$Config,getSources/0,sources,1
com.github.wxiaoqi.security.common.msg.TableResultResponse$TableData,getRows/0,rows,1
com.github.wxiaoqi.security.common.msg.TableResultResponse$TableData,getTotal/0,total,1
com.github.wxiaoqi.security.common.msg.TableResultResponse$TableData,setRows/1[java.util.List<T>],rows,3
com.github.wxiaoqi.security.common.msg.TableResultResponse$TableData,"TableData/2[long,java.util.List<T>]",total,3
com.github.wxiaoqi.security.common.msg.TableResultResponse$TableData,"TableData/2[long,java.util.List<T>]",rows,3
com.github.wxiaoqi.security.common.msg.TableResultResponse$TableData,setTotal/1[long],total,3
com.github.wxiaoqi.security.common.util.jwt.JWTHelper,"generateToken/3[com.github.wxiaoqi.security.common.util.jwt.IJWTInfo,byte[],int]",rsaKeyHelper,1
com.github.wxiaoqi.security.common.util.jwt.JWTHelper,"parserToken/2[java.lang.String,java.lang.String]",rsaKeyHelper,1
com.github.wxiaoqi.security.common.util.jwt.JWTHelper,"generateToken/3[com.github.wxiaoqi.security.common.util.jwt.IJWTInfo,java.lang.String,int]",rsaKeyHelper,1
com.github.wxiaoqi.security.common.util.jwt.JWTHelper,"parserToken/2[java.lang.String,byte[]]",rsaKeyHelper,1
com.github.wxiaoqi.oss.cloud.QcloudCloudStorageService,"upload/2[byte[],java.lang.String]",client,1
com.github.wxiaoqi.oss.cloud.QcloudCloudStorageService,init/0,client,1
com.github.wxiaoqi.security.modules.admin.entity.User,setName/1[java.lang.String],name,4
com.github.wxiaoqi.security.modules.admin.entity.User,getMobilePhone/0,mobilePhone,1
com.github.wxiaoqi.security.modules.admin.entity.User,setPassword/1[java.lang.String],password,4
com.github.wxiaoqi.security.modules.admin.entity.User,setAttr1/1[java.lang.String],attr1,4
com.github.wxiaoqi.security.modules.admin.entity.User,getSex/0,sex,1
com.github.wxiaoqi.security.modules.admin.entity.User,getBirthday/0,birthday,1
com.github.wxiaoqi.security.modules.admin.entity.User,getId/0,id,1
com.github.wxiaoqi.security.modules.admin.entity.User,getAttr4/0,attr4,1
com.github.wxiaoqi.security.modules.admin.entity.User,getCrtHost/0,crtHost,1
com.github.wxiaoqi.security.modules.admin.entity.User,getAttr3/0,attr3,1
com.github.wxiaoqi.security.modules.admin.entity.User,setBirthday/1[java.lang.String],birthday,4
com.github.wxiaoqi.security.modules.admin.entity.User,setCrtTime/1[java.util.Date],crtTime,4
com.github.wxiaoqi.security.modules.admin.entity.User,getDescription/0,description,1
com.github.wxiaoqi.security.modules.admin.entity.User,setUpdName/1[java.lang.String],updName,4
com.github.wxiaoqi.security.modules.admin.entity.User,setSex/1[java.lang.String],sex,4
com.github.wxiaoqi.security.modules.admin.entity.User,getAttr2/0,attr2,1
com.github.wxiaoqi.security.modules.admin.entity.User,getAttr8/0,attr8,1
com.github.wxiaoqi.security.modules.admin.entity.User,setAttr5/1[java.lang.String],attr5,4
com.github.wxiaoqi.security.modules.admin.entity.User,setCrtName/1[java.lang.String],crtName,4
com.github.wxiaoqi.security.modules.admin.entity.User,getEmail/0,email,1
com.github.wxiaoqi.security.modules.admin.entity.User,getAttr1/0,attr1,1
com.github.wxiaoqi.security.modules.admin.entity.User,setAttr8/1[java.lang.String],attr8,4
com.github.wxiaoqi.security.modules.admin.entity.User,getUpdUser/0,updUser,1
com.github.wxiaoqi.security.modules.admin.entity.User,getCrtUser/0,crtUser,1
com.github.wxiaoqi.security.modules.admin.entity.User,getPassword/0,password,1
com.github.wxiaoqi.security.modules.admin.entity.User,getName/0,name,1
com.github.wxiaoqi.security.modules.admin.entity.User,getAddress/0,address,1
com.github.wxiaoqi.security.modules.admin.entity.User,setDescription/1[java.lang.String],description,4
com.github.wxiaoqi.security.modules.admin.entity.User,setAttr6/1[java.lang.String],attr6,4
com.github.wxiaoqi.security.modules.admin.entity.User,setCrtHost/1[java.lang.String],crtHost,4
com.github.wxiaoqi.security.modules.admin.entity.User,setUpdHost/1[java.lang.String],updHost,4
com.github.wxiaoqi.security.modules.admin.entity.User,getCrtTime/0,crtTime,1
com.github.wxiaoqi.security.modules.admin.entity.User,setAttr3/1[java.lang.String],attr3,4
com.github.wxiaoqi.security.modules.admin.entity.User,getAttr6/0,attr6,1
com.github.wxiaoqi.security.modules.admin.entity.User,getUpdTime/0,updTime,1
com.github.wxiaoqi.security.modules.admin.entity.User,getUsername/0,username,1
com.github.wxiaoqi.security.modules.admin.entity.User,getUpdHost/0,updHost,1
com.github.wxiaoqi.security.modules.admin.entity.User,setType/1[java.lang.String],type,4
com.github.wxiaoqi.security.modules.admin.entity.User,getType/0,type,1
com.github.wxiaoqi.security.modules.admin.entity.User,setUpdTime/1[java.util.Date],updTime,4
com.github.wxiaoqi.security.modules.admin.entity.User,getTelPhone/0,telPhone,1
com.github.wxiaoqi.security.modules.admin.entity.User,getAttr7/0,attr7,1
com.github.wxiaoqi.security.modules.admin.entity.User,setId/1[java.lang.Integer],id,4
com.github.wxiaoqi.security.modules.admin.entity.User,setAddress/1[java.lang.String],address,4
com.github.wxiaoqi.security.modules.admin.entity.User,getAttr5/0,attr5,1
com.github.wxiaoqi.security.modules.admin.entity.User,setAttr2/1[java.lang.String],attr2,4
com.github.wxiaoqi.security.modules.admin.entity.User,setAttr7/1[java.lang.String],attr7,4
com.github.wxiaoqi.security.modules.admin.entity.User,setCrtUser/1[java.lang.String],crtUser,4
com.github.wxiaoqi.security.modules.admin.entity.User,setTelPhone/1[java.lang.String],telPhone,4
com.github.wxiaoqi.security.modules.admin.entity.User,setEmail/1[java.lang.String],email,4
com.github.wxiaoqi.security.modules.admin.entity.User,setMobilePhone/1[java.lang.String],mobilePhone,4
com.github.wxiaoqi.security.modules.admin.entity.User,setUsername/1[java.lang.String],username,4
com.github.wxiaoqi.security.modules.admin.entity.User,getCrtName/0,crtName,1
com.github.wxiaoqi.security.modules.admin.entity.User,setUpdUser/1[java.lang.String],updUser,4
com.github.wxiaoqi.security.modules.admin.entity.User,getUpdName/0,updName,1
com.github.wxiaoqi.security.modules.admin.entity.User,setAttr4/1[java.lang.String],attr4,4
com.github.wxiaoqi.security.auth.client.jwt.UserAuthUtil,getInfoFromToken/1[java.lang.String],userAuthConfig,1
com.github.wxiaoqi.security.common.rest.BaseController,all/0,baseBiz,1
com.github.wxiaoqi.security.common.rest.BaseController,update/1[Entity],baseBiz,1
com.github.wxiaoqi.security.common.rest.BaseController,add/1[Entity],baseBiz,1
com.github.wxiaoqi.security.common.rest.BaseController,get/1[int],baseBiz,1
com.github.wxiaoqi.security.common.rest.BaseController,remove/1[int],baseBiz,1
com.github.wxiaoqi.security.common.rest.BaseController,"list/1[java.util.Map<java.lang.String,java.lang.Object>]",baseBiz,1
com.github.wxiaoqi.oss.cloud.AliyunCloudStorageService,init/0,client,1
com.github.wxiaoqi.oss.cloud.AliyunCloudStorageService,"upload/2[java.io.InputStream,java.lang.String]",client,1
com.github.wxiaoqi.security.auth.client.config.FeignOkHttpConfig,okHttpClient/0,feignOkHttpReadTimeout,1
com.github.wxiaoqi.security.auth.client.config.FeignOkHttpConfig,okHttpClient/0,okHttpLoggingInterceptor,1
com.github.wxiaoqi.security.auth.client.config.FeignOkHttpConfig,okHttpClient/0,feignConnectTimeout,1
com.github.wxiaoqi.security.auth.client.config.FeignOkHttpConfig,okHttpClient/0,feignWriteTimeout,1
com.github.wxiaoqi.search.lucene.LuceneDao,getDirectory/0,indexDer,1
com.github.wxiaoqi.search.lucene.LuceneDao,getDirectory/0,directory,3
com.github.wxiaoqi.search.lucene.LuceneDao,getAnalyzer/0,analyzer,3
com.github.wxiaoqi.search.lucene.LuceneDao,deleteAll/0,log,1
com.github.wxiaoqi.search.lucene.LuceneDao,setIndexDer/1[java.lang.String],indexDer,3
com.github.wxiaoqi.search.lucene.LuceneDao,"page/3[java.lang.Integer,java.lang.Integer,java.lang.String]",log,3
com.github.wxiaoqi.security.modules.admin.entity.GateLog,setCrtHost/1[java.lang.String],crtHost,4
com.github.wxiaoqi.security.modules.admin.entity.GateLog,getBody/0,body,1
com.github.wxiaoqi.security.modules.admin.entity.GateLog,getId/0,id,1
com.github.wxiaoqi.security.modules.admin.entity.GateLog,setMenu/1[java.lang.String],menu,4
com.github.wxiaoqi.security.modules.admin.entity.GateLog,getCrtTime/0,crtTime,1
com.github.wxiaoqi.security.modules.admin.entity.GateLog,setOpt/1[java.lang.String],opt,3
com.github.wxiaoqi.security.modules.admin.entity.GateLog,setCrtUser/1[java.lang.String],crtUser,4
com.github.wxiaoqi.security.modules.admin.entity.GateLog,getOpt/0,opt,1
com.github.wxiaoqi.security.modules.admin.entity.GateLog,setUri/1[java.lang.String],uri,4
com.github.wxiaoqi.security.modules.admin.entity.GateLog,setBody/1[java.lang.String],body,3
com.github.wxiaoqi.security.modules.admin.entity.GateLog,setCrtName/1[java.lang.String],crtName,4
com.github.wxiaoqi.security.modules.admin.entity.GateLog,getMenu/0,menu,1
com.github.wxiaoqi.security.modules.admin.entity.GateLog,setCrtTime/1[java.util.Date],crtTime,4
com.github.wxiaoqi.security.modules.admin.entity.GateLog,getCrtName/0,crtName,1
com.github.wxiaoqi.security.modules.admin.entity.GateLog,setId/1[java.lang.Integer],id,4
com.github.wxiaoqi.security.modules.admin.entity.GateLog,getCrtUser/0,crtUser,1
com.github.wxiaoqi.security.modules.admin.entity.GateLog,getCrtHost/0,crtHost,1
com.github.wxiaoqi.security.modules.admin.entity.GateLog,getUri/0,uri,1
com.github.wxiaoqi.security.modules.auth.runner.AuthServerRunner,run/1[java.lang.String[]],redisTemplate,6
com.github.wxiaoqi.security.modules.auth.runner.AuthServerRunner,run/1[java.lang.String[]],REDIS_USER_PRI_KEY,3
com.github.wxiaoqi.security.modules.auth.runner.AuthServerRunner,run/1[java.lang.String[]],keyConfiguration,5
com.github.wxiaoqi.security.modules.auth.runner.AuthServerRunner,run/1[java.lang.String[]],REDIS_USER_PUB_KEY,3
com.github.wxiaoqi.security.common.service.impl.BaseServiceImpl,selectList/1[T],mapper,1
com.github.wxiaoqi.security.common.service.impl.BaseServiceImpl,insert/1[T],mapper,1
com.github.wxiaoqi.security.common.service.impl.BaseServiceImpl,insertSelective/1[T],mapper,1
com.github.wxiaoqi.security.common.service.impl.BaseServiceImpl,selectById/1[java.lang.Object],mapper,1
com.github.wxiaoqi.security.common.service.impl.BaseServiceImpl,deleteById/1[java.lang.Object],mapper,1
com.github.wxiaoqi.security.common.service.impl.BaseServiceImpl,selectOne/1[T],mapper,1
com.github.wxiaoqi.security.common.service.impl.BaseServiceImpl,selectCount/1[T],mapper,1
com.github.wxiaoqi.security.common.service.impl.BaseServiceImpl,updateById/1[T],mapper,1
com.github.wxiaoqi.security.common.service.impl.BaseServiceImpl,updateSelectiveById/1[T],mapper,1
com.github.wxiaoqi.security.common.service.impl.BaseServiceImpl,selectListAll/0,mapper,1
com.github.wxiaoqi.security.common.service.impl.BaseServiceImpl,delete/1[T],mapper,1
com.github.wxiaoqi.security.common.msg.ObjectRestResponse,data/1[T],data,3
com.github.wxiaoqi.security.common.msg.ObjectRestResponse,setData/1[T],data,3
com.github.wxiaoqi.security.common.msg.ObjectRestResponse,getData/0,data,1
com.github.wxiaoqi.security.modules.admin.rest.MenuController,listUserAuthorityMenu/1[java.lang.Integer],userBiz,1
com.github.wxiaoqi.security.modules.admin.rest.MenuController,listUserAuthoritySystem/0,userBiz,1
com.github.wxiaoqi.search.controller.SearchController,removeIndexObject/1[com.github.wxiaoqi.security.api.vo.search.IndexObject],luceneService,1
com.github.wxiaoqi.search.controller.SearchController,updateIndexObject/1[com.github.wxiaoqi.security.api.vo.search.IndexObject],luceneService,1
com.github.wxiaoqi.search.controller.SearchController,"search/3[java.lang.String,java.lang.Integer,java.lang.Integer]",luceneService,1
com.github.wxiaoqi.search.controller.SearchController,createIndexObject/1[com.github.wxiaoqi.security.api.vo.search.IndexObject],luceneService,1
com.github.wxiaoqi.search.controller.SearchController,batchCreateIndexObject/1[java.util.List<com.github.wxiaoqi.security.api.vo.search.IndexObject>],luceneService,1
com.github.wxiaoqi.security.common.web.ParameterRequestWrapper,getParameterNames/0,params,1
com.github.wxiaoqi.security.common.web.ParameterRequestWrapper,getParameterValues/1[java.lang.String],params,1
com.github.wxiaoqi.security.common.web.ParameterRequestWrapper,"ParameterRequestWrapper/2[com.github.wxiaoqi.security.common.web.HttpServletRequest,java.util.Map]",params,1
com.github.wxiaoqi.security.common.web.ParameterRequestWrapper,getParameter/1[java.lang.String],params,1
com.github.wxiaoqi.security.common.web.ParameterRequestWrapper,getParameterMap/0,params,1
com.github.wxiaoqi.security.modules.auth.controller.AuthController,refreshAndGetAuthenticationToken/1[com.github.wxiaoqi.security.modules.auth.controller.HttpServletRequest],request,2
com.github.wxiaoqi.security.modules.auth.controller.AuthController,refreshAndGetAuthenticationToken/1[com.github.wxiaoqi.security.modules.auth.controller.HttpServletRequest],tokenHeader,1
com.github.wxiaoqi.security.modules.auth.controller.AuthController,refreshAndGetAuthenticationToken/1[com.github.wxiaoqi.security.modules.auth.controller.HttpServletRequest],authService,1
com.github.wxiaoqi.security.modules.auth.controller.AuthController,logout/1[java.lang.String],authService,1
com.github.wxiaoqi.security.modules.auth.controller.AuthController,verify/1[java.lang.String],authService,1
com.github.wxiaoqi.security.modules.auth.controller.AuthController,createAuthenticationToken/1[com.github.wxiaoqi.security.modules.auth.util.user.JwtAuthenticationRequest],stringRedisTemplate,1
com.github.wxiaoqi.security.modules.auth.controller.AuthController,createAuthenticationToken/1[com.github.wxiaoqi.security.modules.auth.util.user.JwtAuthenticationRequest],authService,1
com.github.wxiaoqi.security.common.biz.BaseBiz,delete/1[T],mapper,1
com.github.wxiaoqi.security.common.biz.BaseBiz,selectByQuery/1[com.github.wxiaoqi.security.common.util.Query],mapper,1
com.github.wxiaoqi.security.common.biz.BaseBiz,insert/1[T],mapper,1
com.github.wxiaoqi.security.common.biz.BaseBiz,insertSelective/1[T],mapper,1
com.github.wxiaoqi.security.common.biz.BaseBiz,selectOne/1[T],mapper,1
com.github.wxiaoqi.security.common.biz.BaseBiz,deleteById/1[java.lang.Object],mapper,1
com.github.wxiaoqi.security.common.biz.BaseBiz,updateById/1[T],mapper,1
com.github.wxiaoqi.security.common.biz.BaseBiz,selectListAll/0,mapper,1
com.github.wxiaoqi.security.common.biz.BaseBiz,selectById/1[java.lang.Object],mapper,1
com.github.wxiaoqi.security.common.biz.BaseBiz,selectCount/1[T],mapper,1
com.github.wxiaoqi.security.common.biz.BaseBiz,setMapper/1[M],mapper,3
com.github.wxiaoqi.security.common.biz.BaseBiz,selectByExample/1[java.lang.Object],mapper,1
com.github.wxiaoqi.security.common.biz.BaseBiz,selectCountByExample/1[java.lang.Object],mapper,1
com.github.wxiaoqi.security.common.biz.BaseBiz,selectList/1[T],mapper,1
com.github.wxiaoqi.security.common.biz.BaseBiz,updateSelectiveById/1[T],mapper,1
com.github.wxiaoqi.security.modules.admin.vo.MenuTree,setComponent/1[java.lang.String],component,3
com.github.wxiaoqi.security.modules.admin.vo.MenuTree,getComponent/0,component,1
com.github.wxiaoqi.security.modules.admin.vo.MenuTree,setType/1[java.lang.String],type,3
com.github.wxiaoqi.security.modules.admin.vo.MenuTree,setCode/1[java.lang.String],code,3
com.github.wxiaoqi.security.modules.admin.vo.MenuTree,setRedirect/1[java.lang.String],redirect,3
com.github.wxiaoqi.security.modules.admin.vo.MenuTree,setLabel/1[java.lang.String],label,3
com.github.wxiaoqi.security.modules.admin.vo.MenuTree,getTitle/0,title,1
com.github.wxiaoqi.security.modules.admin.vo.MenuTree,setHref/1[java.lang.String],href,3
com.github.wxiaoqi.security.modules.admin.vo.MenuTree,setAuthority/1[java.lang.String],authority,3
com.github.wxiaoqi.security.modules.admin.vo.MenuTree,"MenuTree/3[int,java.lang.String,int]",label,1
com.github.wxiaoqi.security.modules.admin.vo.MenuTree,"MenuTree/3[int,java.lang.String,int]",title,1
com.github.wxiaoqi.security.modules.admin.vo.MenuTree,getRedirect/0,redirect,1
com.github.wxiaoqi.security.modules.admin.vo.MenuTree,setTitle/1[java.lang.String],title,3
com.github.wxiaoqi.security.modules.admin.vo.MenuTree,getLabel/0,label,1
com.github.wxiaoqi.security.modules.admin.vo.MenuTree,"MenuTree/3[int,java.lang.String,com.github.wxiaoqi.security.modules.admin.vo.MenuTree]",label,1
com.github.wxiaoqi.security.modules.admin.vo.MenuTree,"MenuTree/3[int,java.lang.String,com.github.wxiaoqi.security.modules.admin.vo.MenuTree]",title,1
com.github.wxiaoqi.security.modules.admin.vo.MenuTree,getAuthority/0,authority,1
com.github.wxiaoqi.security.modules.admin.vo.MenuTree,isSpread/0,spread,1
com.github.wxiaoqi.security.modules.admin.vo.MenuTree,setSpread/1[boolean],spread,3
com.github.wxiaoqi.security.modules.admin.vo.MenuTree,getType/0,type,1
com.github.wxiaoqi.security.modules.admin.vo.MenuTree,getHref/0,href,1
com.github.wxiaoqi.security.modules.admin.vo.MenuTree,setPath/1[java.lang.String],path,3
com.github.wxiaoqi.security.modules.admin.vo.MenuTree,getIcon/0,icon,1
com.github.wxiaoqi.security.modules.admin.vo.MenuTree,setIcon/1[java.lang.String],icon,3
com.github.wxiaoqi.security.modules.admin.vo.MenuTree,getCode/0,code,1
com.github.wxiaoqi.security.modules.admin.vo.MenuTree,getPath/0,path,1
com.github.wxiaoqi.security.common.context.BaseContextHandler,get/1[java.lang.String],threadLocal,2
com.github.wxiaoqi.security.common.context.BaseContextHandler,"set/2[java.lang.String,java.lang.Object]",threadLocal,2
com.github.wxiaoqi.security.common.context.BaseContextHandler,remove/0,threadLocal,1
com.github.wxiaoqi.security.generator.utils.DateUtils,format/1[java.util.Date],DATE_PATTERN,1
