class,type,cbo,cboModified,fanin,fanout,wmc,dit,noc,rfc,lcom,lcom*,tcc,lcc,totalMethodsQty,staticMethodsQty,publicMethodsQty,privateMethodsQty,protectedMethodsQty,defaultMethodsQty,visibleMethodsQty,abstractMethodsQty,finalMethodsQty,synchronizedMethodsQty,totalFieldsQty,staticFieldsQty,publicFieldsQty,privateFieldsQty,protectedFieldsQty,defaultFieldsQty,finalFieldsQty,synchronizedFieldsQty,nosi,loc,returnQty,loopQty,comparisonsQty,tryCatchQty,parenthesizedExpsQty,stringLiteralsQty,numbersQty,assignmentsQty,mathOperationsQty,variablesQty,maxNestedBlocksQty,anonymousClassesQty,innerClassesQty,lambdasQty,uniqueWordsQty,modifiers,logStatementsQty
com.github.wxiaoqi.security.generator.config.DynamicDataSourceContextHolder,class,0,2,2,0,3,1,0,3,0,0,1,1,3,3,3,0,0,0,3,0,0,1,1,1,0,1,0,0,1,0,0,14,1,0,0,0,0,0,0,1,0,1,0,1,0,0,28,1,0
com.github.wxiaoqi.security.common.vo.TreeNode,class,1,9,8,1,7,1,5,1,15,0.7142857,0.23809524,0.23809524,7,0,7,0,0,0,7,0,0,0,3,0,0,0,2,1,0,0,0,26,3,0,0,0,0,0,0,4,0,3,0,0,0,0,17,1,0
com.github.wxiaoqi.security.configuration.WebConfiguration,class,8,9,1,8,4,1,0,5,6,0,0,0,4,0,1,1,0,2,3,0,0,0,0,0,0,0,0,0,0,0,1,17,3,0,0,0,0,10,0,2,0,2,0,0,0,0,32,1,0
com.github.wxiaoqi.security.modules.auth.controller.ServiceController,class,8,8,0,8,2,2,0,3,1,0,0,0,2,0,2,0,0,0,2,0,0,0,0,0,0,0,0,0,0,0,0,9,2,0,0,0,0,3,0,0,0,0,0,0,0,0,12,1,0
com.github.wxiaoqi.oss.cloud.OSSFactory,class,7,8,1,7,4,1,0,2,0,0,NaN,NaN,1,0,1,0,0,0,1,0,0,0,1,0,0,1,0,0,0,0,0,15,4,0,0,0,0,0,0,0,0,1,1,0,0,0,14,1,0
com.github.wxiaoqi.security.common.exception.auth.UserTokenException,class,1,4,3,1,1,5,0,0,0,0,NaN,NaN,1,0,1,0,0,0,1,0,0,0,0,0,0,0,0,0,0,0,0,5,0,0,0,0,0,0,0,0,0,0,0,0,0,0,9,1,0
com.github.wxiaoqi.security.common.util.WebUtils,class,6,8,2,6,4,1,0,6,6,0,0,0,4,4,4,0,0,0,4,0,0,0,0,0,0,0,0,0,0,0,3,15,4,0,0,0,0,0,0,1,0,1,0,0,0,0,12,1,0
com.github.wxiaoqi.security.modules.auth.controller.CaptchaController,class,7,7,0,7,1,1,0,13,0,0,NaN,NaN,1,0,1,0,0,0,1,0,0,0,1,0,0,1,0,0,0,0,2,18,1,0,0,0,0,4,4,6,0,7,0,0,0,0,25,1,0
com.github.wxiaoqi.security.gate.GatewayServerBootstrap,class,5,6,1,5,1,1,0,3,0,0,NaN,NaN,1,1,1,0,0,0,1,0,0,0,0,0,0,0,0,0,0,0,1,6,0,0,0,0,0,1,0,0,0,0,0,0,0,0,6,1,0
com.github.wxiaoqi.security.modules.auth.entity.ClientService,class,3,5,2,3,32,1,0,0,464,0.9375,0.032258064,0.032258064,32,0,32,0,0,0,32,0,0,0,16,0,0,16,0,0,0,0,0,114,16,0,0,0,0,7,0,16,0,16,0,0,0,0,38,1,0
com.github.wxiaoqi.security.sample.mapper.SampleDataTestMapper,interface,1,2,1,1,0,1,0,0,0,0,-1,-1,0,0,0,0,0,0,0,0,0,0,0,0,0,0,0,0,0,0,0,2,0,0,0,0,0,0,0,0,0,0,0,0,0,0,4,1,0
com.github.wxiaoqi.security.monitor.MonitorBootstrap,class,4,5,1,4,1,1,0,1,0,0,NaN,NaN,1,1,1,0,0,0,1,0,0,0,0,0,0,0,0,0,0,0,0,5,0,0,0,0,0,0,0,0,0,0,0,0,0,0,16,1,0
com.github.wxiaoqi.security.modules.auth.util.user.JwtAuthenticationRequest,class,0,3,3,0,10,1,0,0,21,0.76000005,0.26666668,0.8,10,0,10,0,0,0,10,0,0,0,5,1,0,5,0,0,1,0,0,39,4,0,0,0,0,0,1,9,0,5,0,0,0,0,22,1,0
com.github.wxiaoqi.security.common.handler.GlobalExceptionHandler,class,11,14,3,11,5,1,0,5,0,0,1,1,5,0,5,0,0,0,5,0,0,0,1,0,0,1,0,0,0,0,0,28,5,0,0,0,0,1,5,1,0,1,0,0,0,0,22,1,5
com.github.wxiaoqi.security.gate.utils.DBLog,class,4,7,3,4,18,2,0,10,11,0.72222227,0.4,0.6,6,1,5,1,0,0,5,0,0,1,3,2,0,3,0,0,0,0,1,62,3,2,4,4,0,2,4,5,0,4,4,0,0,0,32,1,1
com.github.wxiaoqi.security.modules.admin.biz.MenuBiz,class,5,8,3,5,8,2,0,11,15,0,0,0,6,0,6,0,0,0,6,0,0,0,0,0,0,0,0,0,0,0,0,34,3,0,2,0,0,4,0,2,4,2,1,0,0,0,31,1,0
com.github.wxiaoqi.security.common.util.IpUtils,class,3,6,3,3,33,1,0,9,6,0,0,0,4,4,3,1,0,0,3,0,0,0,0,0,0,0,0,0,0,0,8,107,18,2,3,1,27,4,67,31,6,13,4,0,0,0,59,1,0
com.github.wxiaoqi.security.common.util.TreeUtil,class,3,7,4,3,13,1,0,8,3,0,0,0,3,3,3,0,0,0,3,0,0,0,0,0,0,0,0,0,0,0,2,39,3,4,4,0,0,0,0,2,0,2,4,0,0,0,21,1,0
com.github.wxiaoqi.security.modules.auth.util.user.JwtAuthenticationResponse,class,0,0,0,0,2,1,0,0,0,0.5,1,1,2,0,2,0,0,0,2,0,0,0,2,1,0,2,0,0,2,0,0,10,1,0,0,0,0,0,1,2,0,2,0,0,0,0,14,1,0
com.github.wxiaoqi.security.modules.auth.vo.FrontUser,class,1,1,0,1,14,1,0,0,77,0.85714287,0.07692308,0.07692308,14,0,14,0,0,0,14,0,0,0,7,0,3,4,0,0,0,0,0,51,7,0,0,0,0,0,0,7,0,7,0,0,0,0,22,1,0
com.github.wxiaoqi.security.common.util.EntityUtils,class,8,10,2,8,19,1,0,20,10,0,0,0,5,5,4,1,0,0,4,0,0,0,0,0,0,0,0,0,0,0,28,71,2,1,5,0,2,23,1,31,0,17,2,0,0,0,39,1,0
com.github.wxiaoqi.security.modules.admin.rpc.LogRest,class,9,9,0,9,1,1,0,4,0,0,NaN,NaN,1,0,1,0,0,0,1,0,0,0,1,0,0,1,0,0,0,0,0,9,0,0,0,0,0,2,0,1,0,2,0,0,0,0,23,1,0
com.github.wxiaoqi.security.modules.admin.vo.AccessRouteTree,class,4,7,3,4,2,2,0,4,0,0.85714287,1,1,2,0,2,0,0,0,2,0,0,0,7,0,0,0,0,7,0,0,0,19,0,0,0,0,0,0,0,3,0,8,0,0,0,0,33,1,0
com.github.wxiaoqi.config.CloudStorageConfig,class,3,8,5,3,38,1,0,0,665,0.9500001,0.027027028,0.027027028,38,0,38,0,0,0,38,0,0,0,20,1,0,20,0,0,1,0,0,136,19,0,0,0,0,2,3,20,0,20,0,0,0,0,37,1,0
com.github.wxiaoqi.security.modules.auth.entity.Client,class,3,7,4,3,44,1,0,0,902,0.95454544,0.023255814,0.023255814,44,0,44,0,0,0,44,0,0,0,22,0,0,22,0,0,0,0,0,156,22,0,0,0,0,10,0,23,0,22,0,0,0,0,43,1,0
com.github.wxiaoqi.security.generator.entity.ColumnEntity,class,0,2,2,0,14,1,0,0,77,0.85714287,0.07692308,0.07692308,14,0,14,0,0,0,14,0,0,0,7,0,0,7,0,0,0,0,0,51,7,0,0,0,0,0,0,7,0,7,0,0,0,0,17,1,0
com.github.wxiaoqi.security.modules.admin.rest.GroupTypeController,class,5,5,0,5,0,2,0,0,0,0,-1,-1,0,0,0,0,0,0,0,0,0,0,0,0,0,0,0,0,0,0,0,2,0,0,0,0,0,1,0,0,0,0,0,0,0,0,15,1,0
com.github.wxiaoqi.security.modules.admin.vo.AccessInterface,class,1,3,2,1,0,1,0,0,0,NaN,-1,-1,0,0,0,0,0,0,0,0,0,0,2,0,0,0,0,2,0,0,0,4,0,0,0,0,0,0,0,0,0,2,0,0,0,0,6,1,0
com.github.wxiaoqi.security.modules.auth.bean.ClientInfo,class,1,1,0,1,9,1,0,0,16,0.6666667,0.33333334,0.7777778,9,0,9,0,0,0,9,0,0,0,3,0,0,0,0,3,0,0,0,34,5,0,0,0,0,0,0,6,0,3,0,0,0,0,20,1,0
com.github.wxiaoqi.security.common.constant.CommonConstants,class,0,0,0,0,0,1,0,0,0,NaN,-1,-1,0,0,0,0,0,0,0,0,0,0,17,17,17,0,0,0,17,0,0,19,0,0,0,0,0,11,6,17,0,17,0,0,0,0,33,1,0
com.github.wxiaoqi.security.common.msg.auth.TokenForbiddenResponse,class,1,2,1,1,1,2,0,0,0,0,NaN,NaN,1,0,1,0,0,0,1,0,0,0,0,0,0,0,0,0,0,0,0,5,0,0,0,0,0,0,0,0,0,0,0,0,0,0,9,1,0
com.github.wxiaoqi.security.generator.config.DynamicDataSource,class,5,8,3,5,7,2,0,8,4,0.70000005,0.3,0.3,5,2,4,0,1,0,5,0,0,1,4,3,0,4,0,0,1,0,2,31,4,0,2,0,0,1,1,4,0,4,3,0,0,0,29,1,1
com.github.wxiaoqi.security.api.vo.search.IndexObject,class,1,7,6,1,19,1,0,1,86,0.815126,0.14705883,0.5,17,0,17,0,0,0,17,0,0,0,7,0,0,7,0,0,0,0,0,71,10,0,0,0,0,0,3,12,0,7,1,0,0,0,30,1,0
com.github.wxiaoqi.security.generator.rest.GeneratorRest,class,13,13,0,13,4,1,0,19,1,0.44444445,0.33333334,0.33333334,3,0,3,0,0,0,3,0,0,0,3,0,0,3,0,0,0,0,3,27,2,0,0,0,0,11,0,5,1,8,1,0,0,0,41,1,0
com.github.wxiaoqi.security.modules.auth.service.impl.AuthServiceImpl,class,20,21,1,20,6,1,0,39,0,0.6,0.7,1,5,0,5,0,0,0,5,0,0,0,4,0,0,4,0,0,0,0,7,50,2,0,0,0,1,8,1,12,3,16,1,0,0,0,46,1,0
com.github.wxiaoqi.security.auth.client.runner.AuthClientRunner,class,12,13,1,12,4,1,0,10,1,0.5,0,0,2,0,2,0,0,0,2,0,0,0,3,0,0,3,0,0,0,0,0,21,0,0,1,1,0,3,0,2,0,5,1,0,0,0,23,1,2
com.github.wxiaoqi.security.common.util.http.HttpUtils$TrustAnyHostnameVerifier,innerclass,0,0,0,0,1,1,0,0,0,0,NaN,NaN,1,0,1,0,0,0,1,0,0,0,0,0,0,0,0,0,0,0,0,5,1,0,0,0,0,0,0,0,0,0,0,0,0,0,10,10,0
com.github.wxiaoqi.security.common.util.ReflectionUtils,class,5,7,2,5,71,1,0,55,128,0.8970588,0.029411765,0.029411765,17,17,17,0,0,0,17,0,0,0,4,4,0,4,0,0,3,0,31,210,32,6,11,6,6,35,4,34,11,28,3,0,0,0,104,1,6
com.github.wxiaoqi.security.modules.auth.service.AuthClientService,interface,0,2,2,0,4,1,0,0,6,0,0,0,4,0,4,0,0,0,4,0,0,0,0,0,0,0,0,0,0,0,0,6,0,0,0,0,0,0,0,0,0,0,0,0,0,0,15,1,0
com.github.wxiaoqi.security.sample.SampleBootstrap,class,10,11,1,10,1,1,0,1,0,0,NaN,NaN,1,1,1,0,0,0,1,0,0,0,0,0,0,0,0,0,0,0,0,5,0,0,0,0,0,2,0,0,0,0,0,0,0,0,8,1,0
com.github.wxiaoqi.oss.constants.OSSConstant,class,0,0,0,0,0,1,0,0,0,NaN,-1,-1,0,0,0,0,0,0,0,0,0,0,3,3,3,0,0,0,3,0,0,5,0,0,0,0,0,0,3,3,0,3,0,0,0,0,18,1,0
com.github.wxiaoqi.security.api.vo.log.LogInfo,class,0,5,5,0,18,1,0,1,105,0.8333334,0.15686275,0.8888889,18,0,18,0,0,0,18,0,0,0,8,0,0,8,0,0,0,0,0,70,8,0,0,0,0,0,0,16,0,8,0,0,0,0,34,1,0
com.github.wxiaoqi.security.modules.auth.controller.ClientController,class,8,8,0,8,2,1,0,5,0,0.25,1,1,2,0,2,0,0,0,2,0,0,0,2,0,0,2,0,0,0,0,0,11,2,0,0,0,0,5,0,0,0,2,0,0,0,0,22,1,0
com.github.wxiaoqi.security.sample.rest.SampleDataTestController,class,8,8,0,8,1,2,0,2,0,0,NaN,NaN,1,0,1,0,0,0,1,0,0,0,0,0,0,0,0,0,0,0,1,5,1,0,0,0,0,2,0,0,0,0,0,0,0,0,7,1,0
com.github.wxiaoqi.security.gate.config.GatewayConfig$GateWayMappingJackson2HttpMessageConverter,innerclass,2,2,0,2,1,2,0,3,0,0,NaN,NaN,1,0,0,0,0,1,1,0,0,0,0,0,0,0,0,0,0,0,0,7,0,0,0,0,0,1,0,1,1,1,0,0,0,0,16,1,0
com.github.wxiaoqi.oss.cloud.CloudStorageService,class,2,7,5,2,6,1,3,6,10,1,0,0,5,0,5,0,0,0,5,4,0,0,1,0,0,0,0,1,0,0,1,15,1,0,0,0,0,5,0,3,3,3,1,0,0,0,18,1025,0
com.github.wxiaoqi.search.service.LuceneService,interface,2,4,2,2,5,1,0,0,10,0,0,0,5,0,0,0,0,5,5,0,0,0,0,0,0,0,0,0,0,0,0,7,0,0,0,0,0,0,0,0,0,0,0,0,0,0,17,1,0
com.github.wxiaoqi.security.modules.admin.vo.AccessMenuTree,class,3,6,3,3,2,2,0,4,0,0.75,1,1,2,0,2,0,0,0,2,0,0,0,4,0,0,0,0,4,0,0,0,16,0,0,0,0,0,0,0,3,0,5,0,0,0,0,27,1,0
com.github.wxiaoqi.security.AdminBootstrap,class,9,10,1,9,1,1,0,1,0,0,NaN,NaN,1,1,1,0,0,0,1,0,0,0,0,0,0,0,0,0,0,0,0,5,0,0,0,0,0,1,0,0,0,0,0,0,0,0,19,1,0
com.github.wxiaoqi.security.modules.admin.vo.FrontUser,class,1,3,2,1,14,1,0,0,77,0.85714287,0.07692308,0.07692308,14,0,14,0,0,0,14,0,0,0,7,0,3,4,0,0,0,0,0,51,7,0,0,0,0,0,0,7,0,7,0,0,0,0,22,1,0
com.github.wxiaoqi.oss.cloud.QiniuCloudStorageService,class,8,10,2,8,9,2,0,16,13,0.6666667,0,0,6,0,5,1,0,0,5,0,0,0,2,0,0,2,0,0,0,0,0,39,4,0,0,2,0,4,0,5,2,4,2,0,0,0,28,1,0
com.github.wxiaoqi.security.common.util.http.HttpHelper,class,2,2,0,2,5,1,0,9,0,0,NaN,NaN,1,1,1,0,0,0,1,0,0,0,0,0,0,0,0,0,0,0,1,27,1,1,2,2,1,3,0,6,0,4,3,0,0,0,24,1,2
com.github.wxiaoqi.search.lucene.util.IKTokenizer5x,class,6,7,1,6,5,2,0,14,0,0.4,0.8333333,1,4,0,4,0,0,0,4,0,2,0,5,0,0,5,0,0,3,0,0,35,2,0,1,0,0,0,0,7,0,7,1,0,0,0,36,1,0
com.github.wxiaoqi.security.modules.admin.entity.Menu,class,3,9,6,3,50,1,0,0,1175,0.9599997,0.020408163,0.020408163,50,0,50,0,0,0,50,0,0,0,25,0,0,25,0,0,0,0,0,177,25,0,0,0,0,10,0,26,0,25,0,0,0,0,51,1,0
com.github.wxiaoqi.security.common.msg.auth.TokenErrorResponse,class,1,1,0,1,1,2,0,0,0,0,NaN,NaN,1,0,1,0,0,0,1,0,0,0,0,0,0,0,0,0,0,0,0,5,0,0,0,0,0,0,0,0,0,0,0,0,0,0,9,1,0
com.github.wxiaoqi.security.modules.admin.biz.GateLogBiz,class,5,7,2,5,2,2,0,2,1,0,0,0,2,0,2,0,0,0,2,0,0,0,0,0,0,0,0,0,0,0,0,8,0,0,0,0,0,0,0,0,0,0,0,0,0,0,20,1,0
com.github.wxiaoqi.security.generator.entity.TableEntity,class,1,2,1,1,12,1,0,0,54,0.8333333,0.09090909,0.09090909,12,0,12,0,0,0,12,0,0,0,6,0,0,6,0,0,0,0,0,44,6,0,0,0,0,0,0,6,0,6,0,0,0,0,17,1,0
com.github.wxiaoqi.security.common.msg.BaseResponse,class,0,7,7,0,6,1,4,0,3,0.5,0.4,0.6666667,6,0,6,0,0,0,6,0,0,0,2,0,0,2,0,0,0,0,0,22,2,0,0,0,0,0,1,5,0,2,0,0,0,0,13,1,0
com.github.wxiaoqi.security.common.util.UUIDUtils,class,0,2,2,0,2,1,0,7,0,0,NaN,NaN,1,1,1,0,0,0,1,0,0,0,1,1,1,0,0,0,0,0,2,13,1,1,0,0,0,64,7,6,4,6,1,0,0,0,19,1,0
com.github.wxiaoqi.security.modules.auth.util.user.JwtTokenUtil,class,7,10,3,7,2,1,0,4,0,0.5,1,1,2,0,2,0,0,0,2,0,0,0,3,0,0,3,0,0,0,0,2,11,2,0,0,0,0,1,0,0,0,3,0,0,0,0,24,1,0
com.github.wxiaoqi.security.common.util.http.HttpUtils,class,4,6,2,4,26,1,0,27,0,0.25,0.5,0.5,4,4,4,0,0,0,4,0,0,0,1,1,0,1,0,0,1,0,2,161,4,3,7,5,3,68,0,26,16,22,3,0,2,0,68,1,20
com.github.wxiaoqi.security.auth.client.exception.JwtSignatureException,class,0,0,0,0,1,3,0,0,0,0,NaN,NaN,1,0,1,0,0,0,1,0,0,0,0,0,0,0,0,0,0,0,0,5,0,0,0,0,0,0,0,0,0,0,0,0,0,0,5,1,0
com.github.wxiaoqi.security.modules.admin.rpc.service.PermissionService,class,29,33,4,29,33,1,0,104,27,0.74242425,0.5,0.75,11,0,8,3,0,0,8,0,0,0,6,0,0,6,0,0,0,0,15,232,17,7,7,0,1,12,4,65,5,65,2,0,0,4,92,1,0
com.github.wxiaoqi.security.generator.config.SwitchDB,class,7,9,2,7,5,1,0,7,1,1,NaN,NaN,2,0,1,1,0,0,1,0,0,0,3,1,0,2,0,1,0,0,4,25,2,0,1,0,0,7,0,4,3,6,1,0,0,0,17,1,3
com.github.wxiaoqi.security.gate.service.LogService,interface,1,4,3,1,1,1,0,0,0,0,NaN,NaN,1,0,0,0,0,1,1,0,0,0,0,0,0,0,0,0,0,0,0,3,0,0,0,0,0,0,0,0,0,0,0,0,0,0,7,1,0
com.github.wxiaoqi.security.modules.admin.rest.UserController,class,15,15,0,15,5,2,0,8,0,0.5,0.5,0.5,4,0,4,0,0,0,4,0,0,0,2,0,0,2,0,0,0,0,0,23,5,0,1,0,0,5,1,2,0,4,1,0,0,0,39,1,0
com.github.wxiaoqi.security.auth.client.config.ServiceAuthConfig,class,2,4,2,2,7,1,0,1,9,0.7083333,0.2,0.2,6,0,6,0,0,0,6,0,0,0,4,0,0,4,0,0,0,0,0,24,3,0,0,0,0,4,0,3,0,4,0,0,0,0,19,1,0
com.github.wxiaoqi.security.auth.client.interceptor.UserAuthRestInterceptor,class,13,15,2,13,8,2,0,21,1,0.6666667,0,0,2,0,2,0,0,0,2,0,0,0,3,0,0,3,0,0,0,0,5,34,2,1,3,0,0,0,0,7,0,7,4,0,0,0,42,1,0
com.github.wxiaoqi.oss.controller.OssController,class,9,9,0,9,2,1,0,8,0,0,NaN,NaN,1,0,1,0,0,0,1,0,0,0,1,0,0,1,0,0,0,0,0,11,1,0,0,0,0,5,0,2,0,3,1,0,0,0,15,1,0
com.github.wxiaoqi.security.generator.service.GeneratorService,class,7,9,2,7,6,1,0,13,0,0.2,0.6,0.6,5,0,5,0,0,0,5,0,0,0,1,0,0,1,0,0,0,0,1,30,5,1,0,0,0,2,2,5,1,6,1,0,0,0,24,1,0
com.github.wxiaoqi.security.common.exception.BaseException,class,0,10,10,0,8,4,5,0,22,0.625,0.10714286,0.10714286,8,0,8,0,0,0,8,0,0,0,1,0,0,1,0,0,0,0,0,27,1,0,0,0,0,0,1,3,0,1,0,0,0,0,17,1,0
com.github.wxiaoqi.security.common.msg.TableResultResponse,class,3,14,11,3,6,2,0,2,0,0,1,1,6,0,4,0,0,2,6,0,0,0,1,0,0,0,0,1,0,0,0,45,3,0,0,0,0,0,0,3,0,1,0,0,1,0,22,1,0
com.github.wxiaoqi.security.gate.filter.AccessGatewayFilter,class,31,32,1,31,18,1,0,64,8,0.7714286,NaN,NaN,5,0,1,4,0,0,1,0,0,0,7,1,0,7,0,0,1,0,8,95,9,2,4,1,0,12,2,27,2,29,3,0,0,1,106,1,2
com.github.wxiaoqi.security.generator.GeneratorServerBootstrap,class,4,5,1,4,1,1,0,1,0,0,NaN,NaN,1,1,1,0,0,0,1,0,0,0,0,0,0,0,0,0,0,0,0,5,0,0,0,0,0,3,0,0,0,0,0,0,0,0,6,1,0
com.github.wxiaoqi.security.gate.handler.RequestBodyRoutePredicateFactory,class,12,13,1,12,10,2,0,24,0,0.5,0.5,0.5,4,0,4,0,0,0,4,0,0,0,3,2,1,1,1,0,3,0,0,61,5,0,1,1,0,6,1,5,0,8,4,0,1,4,62,1,1
com.github.wxiaoqi.security.modules.admin.vo.AuthorityMenuTree,class,2,6,4,2,10,2,0,4,17,0.6666667,0.31111112,0.4888889,10,0,10,0,0,0,10,0,0,0,3,0,0,0,0,3,0,0,0,39,3,0,0,0,0,0,0,8,0,4,0,0,0,0,30,1,0
com.github.wxiaoqi.security.modules.auth.service.AuthService,interface,1,3,2,1,4,1,0,0,6,0,0,0,4,0,0,0,0,4,4,0,0,0,0,0,0,0,0,0,0,0,0,6,0,0,0,0,0,0,0,0,0,0,0,0,0,0,15,1,0
com.github.wxiaoqi.security.modules.admin.entity.Element,class,3,7,4,3,44,1,0,0,902,0.95454544,0.023255814,0.023255814,44,0,44,0,0,0,44,0,0,0,22,0,0,22,0,0,0,0,0,156,22,0,0,0,0,7,0,22,0,22,0,0,0,0,49,1,0
com.github.wxiaoqi.config.LuceneConfiguration,class,4,4,0,4,1,1,0,1,0,0,NaN,NaN,1,0,1,0,0,0,1,0,0,0,1,0,0,1,0,0,0,0,0,8,1,0,0,0,0,1,0,1,0,2,0,0,0,0,11,1,0
com.github.wxiaoqi.security.common.service.BaseService,interface,1,2,1,1,11,1,0,0,55,0,0,0,11,0,0,0,0,11,11,0,0,0,0,0,0,0,0,0,0,0,0,13,0,0,0,0,0,0,0,0,0,0,0,0,0,0,28,1,0
com.github.wxiaoqi.security.common.util.jwt.JWTInfo,class,3,6,3,3,19,1,0,4,0,0.5833334,0.5151515,1,12,0,12,0,0,0,12,0,0,0,4,0,0,4,0,0,0,0,1,60,9,0,9,0,1,0,3,15,2,6,1,0,0,0,32,1,0
com.github.wxiaoqi.search.lucene.util.QueryUtil,class,4,6,2,4,2,1,0,5,1,0,NaN,NaN,2,2,1,1,0,0,1,0,0,0,0,0,0,0,0,0,0,0,1,12,2,0,0,0,0,4,1,2,0,1,0,0,0,0,15,1,0
com.github.wxiaoqi.security.modules.auth.biz.ClientBiz,class,8,9,1,8,4,2,0,7,1,0.5,0,0,2,0,2,0,0,0,2,0,0,0,2,0,0,2,0,0,0,0,0,19,1,1,0,0,0,2,0,2,1,4,2,0,0,0,12,1,0
com.github.wxiaoqi.security.common.exception.auth.ClientTokenException,class,1,2,1,1,1,5,0,0,0,0,NaN,NaN,1,0,1,0,0,0,1,0,0,0,0,0,0,0,0,0,0,0,0,5,0,0,0,0,0,0,0,0,0,0,0,0,0,0,9,1,0
com.github.wxiaoqi.security.common.util.AddressUtils,class,6,7,1,6,4,1,0,7,0,0,NaN,NaN,1,1,1,0,0,0,1,0,0,0,2,2,2,0,0,0,2,0,5,25,4,0,0,1,0,10,0,7,1,7,2,0,0,0,30,1,2
com.github.wxiaoqi.security.modules.admin.rpc.UserRest,class,10,10,0,10,3,1,0,3,0,0,1,1,3,0,3,0,0,0,3,0,0,0,1,0,0,1,0,0,0,0,0,12,3,0,0,0,0,6,0,0,0,1,0,0,0,0,27,1,0
com.github.wxiaoqi.security.modules.admin.vo.GroupUsers,class,1,3,2,1,6,1,0,0,3,0.5,0.4,0.6666667,6,0,6,0,0,0,6,0,0,0,2,0,0,0,0,2,0,0,0,22,2,0,0,0,0,0,0,4,0,2,0,0,0,0,12,1,0
com.github.wxiaoqi.security.gate.config.GatewayConfig$Anonymous1,anonymous,1,1,0,1,1,1,0,0,0,0,NaN,NaN,1,0,1,0,0,0,1,0,0,0,0,0,0,0,0,0,0,0,0,5,1,0,0,0,0,0,0,0,0,0,0,0,0,0,8,-1,0
com.github.wxiaoqi.security.modules.admin.rest.ElementController,class,15,15,0,15,4,2,0,12,1,0.33333334,0.33333334,0.33333334,3,0,3,0,0,0,3,0,0,0,1,0,0,1,0,0,0,0,1,23,3,0,0,0,0,13,0,7,3,8,1,0,0,0,32,1,0
com.github.wxiaoqi.security.modules.auth.controller.OnlineController,class,10,10,0,10,4,1,0,10,0,0,1,1,2,0,2,0,0,0,2,0,0,0,1,0,0,1,0,0,0,0,1,23,2,1,1,0,2,8,3,3,8,4,2,0,0,0,26,1,0
com.github.wxiaoqi.security.modules.admin.mapper.UserMapper,interface,3,5,2,3,2,1,0,0,1,0,0,0,2,0,2,0,0,0,2,0,0,0,0,0,0,0,0,0,0,0,0,4,0,0,0,0,0,2,0,0,0,0,0,0,0,0,9,1,0
com.github.wxiaoqi.security.modules.admin.rest.GateLogController,class,10,10,0,10,2,2,0,6,0,0,NaN,NaN,1,0,1,0,0,0,1,0,0,0,0,0,0,0,0,0,0,0,0,11,1,0,0,0,0,7,0,2,1,2,1,0,0,0,23,1,0
com.github.wxiaoqi.security.auth.client.interceptor.OkHttpTokenInterceptor,class,10,11,1,10,1,1,0,7,0,0,NaN,NaN,1,0,1,0,0,0,1,0,0,0,1,0,0,1,0,0,0,0,1,8,1,0,0,0,0,0,0,2,0,3,0,0,0,0,19,1,0
com.github.wxiaoqi.security.common.constant.RedisKeyConstant,class,0,0,0,0,0,1,0,0,0,NaN,-1,-1,0,0,0,0,0,0,0,0,0,0,4,4,4,0,0,0,4,0,0,6,0,0,0,0,0,4,0,4,0,4,0,0,0,0,23,1,0
com.github.wxiaoqi.security.sample.config.WebConfiguration,class,8,9,1,8,4,1,0,5,6,0,0,0,4,0,1,1,0,2,3,0,0,0,0,0,0,0,0,0,0,0,1,17,3,0,0,0,0,2,0,2,0,2,0,0,0,0,24,1,0
com.github.wxiaoqi.security.common.util.StringHelper,class,0,2,2,0,2,1,0,1,0,0,NaN,NaN,1,1,1,0,0,0,1,0,0,0,0,0,0,0,0,0,0,0,0,5,1,0,1,0,0,1,0,0,0,0,0,0,0,0,11,1,0
com.github.wxiaoqi.security.modules.admin.mapper.MenuMapper,interface,3,5,2,3,3,1,0,0,3,0,0,0,3,0,3,0,0,0,3,0,0,0,0,0,0,0,0,0,0,0,0,5,0,0,0,0,0,4,0,0,0,0,0,0,0,0,11,1,0
com.github.wxiaoqi.security.generator.config.DynamicDatasourceConfig,class,11,12,1,11,3,1,0,7,1,0.5,0,0,2,0,2,0,0,0,2,0,0,0,1,0,0,1,0,0,0,0,1,17,2,1,0,0,0,0,1,3,0,4,1,0,0,0,21,1,0
com.github.wxiaoqi.security.sample.entity.SampleDataTest,class,3,5,2,3,20,1,0,0,170,0.9090908,0.05263158,0.05263158,20,0,20,0,0,0,20,0,0,0,11,1,0,11,0,0,1,0,0,73,10,0,0,0,0,10,1,11,0,11,0,0,0,0,29,1,0
com.github.wxiaoqi.security.modules.admin.mapper.GroupTypeMapper,interface,1,2,1,1,0,1,0,0,0,0,-1,-1,0,0,0,0,0,0,0,0,0,0,0,0,0,0,0,0,0,0,0,2,0,0,0,0,0,0,0,0,0,0,0,0,0,0,3,1,0
com.github.wxiaoqi.security.auth.client.exception.JwtIllegalArgumentException,class,0,0,0,0,1,3,0,0,0,0,NaN,NaN,1,0,1,0,0,0,1,0,0,0,0,0,0,0,0,0,0,0,0,5,0,0,0,0,0,0,0,0,0,0,0,0,0,0,9,1,0
com.github.wxiaoqi.security.modules.admin.biz.GroupTypeBiz,class,5,6,1,5,0,2,0,0,0,0,-1,-1,0,0,0,0,0,0,0,0,0,0,0,0,0,0,0,0,0,0,0,2,0,0,0,0,0,0,0,0,0,0,0,0,0,0,17,1,0
com.github.wxiaoqi.search.lucene.util.IKAnalyzer5x,class,5,7,2,5,5,2,0,1,0,0.2,0.6,0.6,5,0,4,0,1,0,5,0,0,0,1,0,0,1,0,0,0,0,0,20,2,0,0,0,0,0,0,3,0,2,0,0,0,0,18,1,0
com.github.wxiaoqi.security.modules.auth.biz.ClientServiceBiz,class,4,5,1,4,0,2,0,0,0,0,-1,-1,0,0,0,0,0,0,0,0,0,0,0,0,0,0,0,0,0,0,0,2,0,0,0,0,0,0,0,0,0,0,0,0,0,0,4,1,0
com.github.wxiaoqi.security.modules.admin.mapper.ElementMapper,interface,3,4,1,3,4,1,0,0,6,0,0,0,4,0,4,0,0,0,4,0,0,0,0,0,0,0,0,0,0,0,0,6,0,0,0,0,0,4,0,0,0,0,0,0,0,0,14,1,0
com.github.wxiaoqi.security.common.util.Query,class,0,4,4,0,7,4,0,5,0,0.59999996,0.6,1,5,0,5,0,0,0,5,0,0,0,3,1,0,3,0,0,1,0,2,28,2,0,2,0,0,6,3,7,0,3,1,0,0,0,16,1,0
com.github.wxiaoqi.security.auth.client.config.UserAuthConfig,class,4,11,7,4,5,1,0,2,6,0.6,0.2,0.2,5,0,5,0,0,0,5,0,0,0,2,0,0,2,0,0,0,0,0,19,3,0,0,0,0,1,0,2,0,2,0,0,0,0,21,1,0
com.github.wxiaoqi.security.modules.admin.entity.Group,class,3,5,2,3,48,1,0,0,1080,0.95833343,0.021276595,0.021276595,48,0,48,0,0,0,48,0,0,0,24,0,0,24,0,0,0,0,0,170,24,0,0,0,0,11,0,25,0,24,0,0,0,0,46,1,0
com.github.wxiaoqi.security.gate.config.GatewayConfig,class,14,15,1,14,4,2,0,2,6,0,0,0,4,0,4,0,0,0,4,0,0,0,0,0,0,0,0,0,0,0,0,27,4,0,0,0,0,0,0,1,0,1,0,1,1,0,25,1,0
com.github.wxiaoqi.security.modules.admin.vo.FrontUserV2,class,4,6,2,4,0,1,0,0,0,NaN,-1,-1,0,0,0,0,0,0,0,0,0,0,9,0,3,6,0,0,0,0,0,11,0,0,0,0,0,1,0,6,0,9,0,0,0,0,20,1,0
com.github.wxiaoqi.security.modules.admin.biz.UserBiz,class,6,10,4,6,3,2,0,7,3,0.6666667,0,0,3,0,3,0,0,0,3,0,0,0,1,0,0,1,0,0,0,0,0,16,1,0,0,0,0,0,0,3,0,3,0,0,0,0,31,1,0
com.github.wxiaoqi.security.modules.admin.mapper.ResourceAuthorityMapper,interface,2,4,2,2,1,1,0,0,0,0,NaN,NaN,1,0,1,0,0,0,1,0,0,0,0,0,0,0,0,0,0,0,0,3,0,0,0,0,0,2,0,0,0,0,0,0,0,0,9,1,0
com.github.wxiaoqi.security.modules.auth.service.impl.DBAuthClientService,class,10,11,1,10,14,1,0,15,0,0.61904764,0.6,0.6,7,0,5,2,0,0,5,0,0,0,3,0,0,3,0,0,0,0,0,60,4,0,5,0,0,5,0,13,2,13,2,0,0,1,36,1,0
com.github.wxiaoqi.security.api.vo.authority.PermissionInfo,class,0,6,6,0,12,1,0,0,54,0.8333333,0.09090909,0.09090909,12,0,12,0,0,0,12,0,0,0,6,0,0,6,0,0,0,0,0,44,6,0,0,0,0,0,0,6,0,6,0,0,0,0,29,1,0
com.github.wxiaoqi.security.common.constant.RestCodeConstants,class,0,0,0,0,0,1,0,0,0,NaN,-1,-1,0,0,0,0,0,0,0,0,0,0,2,2,2,0,0,0,2,0,0,4,0,0,0,0,0,0,2,2,0,2,0,0,0,0,19,1,0
com.github.wxiaoqi.security.modules.admin.biz.GroupBiz,class,14,16,2,14,22,2,0,42,31,0.76666665,0.19444445,0.2777778,10,0,9,1,0,0,9,0,0,0,3,0,0,3,0,0,0,0,6,109,4,7,2,0,0,16,0,19,11,20,2,0,0,0,58,1,0
com.github.wxiaoqi.security.modules.admin.constant.AdminCommonConstant,class,0,0,0,0,0,1,0,0,0,NaN,-1,-1,0,0,0,0,0,0,0,0,0,0,13,13,13,0,0,0,13,0,0,15,0,0,0,0,0,10,3,13,0,13,0,0,0,0,29,1,0
com.github.wxiaoqi.security.common.util.http.HttpUtils$TrustAnyTrustManager,innerclass,0,0,0,0,3,1,0,0,3,0,0,0,3,0,3,0,0,0,3,0,0,0,0,0,0,0,0,0,0,0,0,9,1,0,0,0,0,0,0,0,0,0,0,0,0,0,13,10,0
com.github.wxiaoqi.security.modules.admin.vo.GroupTree,class,1,2,1,1,4,2,0,0,0,0.375,0.33333334,0.33333334,4,0,4,0,0,0,4,0,0,0,2,0,0,0,0,2,0,0,0,16,2,0,0,0,0,0,0,2,0,2,0,0,0,0,21,1,0
com.github.wxiaoqi.search.service.impl.LuceneServiceImpl,class,6,6,0,6,5,1,0,5,0,0,1,1,5,0,5,0,0,0,5,0,0,0,1,0,0,1,0,0,0,0,0,18,1,0,0,0,0,0,0,0,0,1,0,0,0,0,19,1,0
com.github.wxiaoqi.security.generator.config.DataSourceConfigurer,class,4,5,1,4,2,1,0,3,1,0,0,0,2,0,2,0,0,0,2,0,0,0,0,0,0,0,0,0,0,0,0,8,2,0,0,0,0,4,0,0,0,0,0,0,0,0,11,1,0
com.github.wxiaoqi.security.api.vo.authority.CheckPermissionInfo,class,2,5,3,2,0,1,0,0,0,NaN,-1,-1,0,0,0,0,0,0,0,0,0,0,2,0,0,2,0,0,0,0,0,4,0,0,0,0,0,0,0,0,0,2,0,0,0,0,9,1,0
com.github.wxiaoqi.security.common.util.jwt.IJWTInfo,interface,0,10,10,0,4,1,0,0,6,0,0,0,4,0,0,0,0,4,4,0,0,0,0,0,0,0,0,0,0,0,0,6,0,0,0,0,0,0,0,0,0,0,0,0,0,0,15,1,0
com.github.wxiaoqi.security.api.vo.user.UserInfo,class,0,2,2,0,12,1,0,0,56,0.84722227,0.09090909,0.09090909,12,0,12,0,0,0,12,0,0,0,6,0,4,2,0,0,0,0,0,44,6,0,0,0,0,0,0,6,0,6,0,0,0,0,31,1,0
com.github.wxiaoqi.security.modules.admin.entity.GroupType,class,3,5,2,3,40,1,0,0,740,0.95,0.025641026,0.025641026,40,0,40,0,0,0,40,0,0,0,20,0,0,20,0,0,0,0,0,142,20,0,0,0,0,9,0,20,0,20,0,0,0,0,40,1,0
com.github.wxiaoqi.security.modules.admin.entity.ResourceAuthority,class,3,5,2,3,42,1,0,0,813,0.9500001,0.027874565,0.032520324,42,0,42,0,0,0,42,0,0,0,20,0,0,20,0,0,0,0,0,148,20,0,0,0,0,10,0,22,0,20,0,0,0,0,44,1,0
com.github.wxiaoqi.security.modules.admin.util.Sha256PasswordEncoder,class,2,5,3,2,3,1,0,7,1,0,0,0,2,0,2,0,0,0,2,0,0,0,0,0,0,0,0,0,0,0,1,15,3,0,0,1,0,2,0,2,0,2,1,0,0,0,17,1,0
com.github.wxiaoqi.security.modules.auth.interceptor.UserAuthRestInterceptor,class,11,13,2,11,6,2,0,18,1,0.6666667,0,0,2,0,2,0,0,0,2,0,0,0,3,0,0,3,0,0,0,0,5,26,1,1,1,0,0,0,0,4,0,5,4,0,0,0,41,1,0
com.github.wxiaoqi.security.common.exception.auth.ClientInvalidException,class,1,2,1,1,1,5,0,0,0,0,NaN,NaN,1,0,1,0,0,0,1,0,0,0,0,0,0,0,0,0,0,0,0,5,0,0,0,0,0,0,0,0,0,0,0,0,0,0,9,1,0
com.github.wxiaoqi.security.modules.admin.biz.ElementBiz,class,5,7,2,5,5,2,0,5,10,0,0,0,5,0,5,0,0,0,5,0,0,0,0,0,0,0,0,0,0,0,0,17,3,0,0,0,0,0,0,0,0,0,0,0,0,0,29,1,0
com.github.wxiaoqi.security.gate.service.LogServiceImpl,class,7,7,0,7,1,1,0,10,0,0,NaN,NaN,1,0,1,0,0,0,1,0,0,0,1,0,0,1,0,0,0,0,1,7,0,0,0,0,0,1,0,1,0,2,0,0,0,0,16,1,1
com.github.wxiaoqi.security.common.exception.auth.UserInvalidException,class,1,4,3,1,1,5,0,0,0,0,NaN,NaN,1,0,1,0,0,0,1,0,0,0,0,0,0,0,0,0,0,0,0,5,0,0,0,0,0,0,0,0,0,0,0,0,0,0,9,1,0
com.github.wxiaoqi.security.gate.handler.RequestBodyRoutePredicateFactory$Config,innerclass,1,1,0,1,3,1,0,1,0,0,1,1,3,0,3,0,0,0,3,0,0,0,1,0,0,1,0,0,0,0,1,14,3,0,0,0,0,0,0,3,0,1,0,0,0,0,5,9,0
com.github.wxiaoqi.security.configuration.UserConfiguration,class,3,4,1,3,0,1,0,0,0,NaN,-1,-1,0,0,0,0,0,0,0,0,0,0,1,0,0,1,0,0,0,0,0,3,0,0,0,0,0,1,0,0,0,1,0,0,0,0,7,1,0
com.github.wxiaoqi.security.common.msg.TableResultResponse$TableData,innerclass,1,1,0,1,6,1,0,0,3,0.5,0.4,0.6666667,6,0,6,0,0,0,6,0,0,0,2,0,0,0,0,2,0,0,0,22,2,0,0,0,0,0,0,4,0,2,0,0,0,0,8,0,0
com.github.wxiaoqi.security.modules.admin.mapper.GroupMapper,interface,2,3,1,2,4,1,0,0,6,0,0,0,4,0,4,0,0,0,4,0,0,0,0,0,0,0,0,0,0,0,0,6,0,0,0,0,0,6,0,0,0,0,0,0,0,0,10,1,0
com.github.wxiaoqi.security.common.util.jwt.JWTHelper,class,8,11,3,8,7,1,0,28,3,0.33333334,0.4,0.4,6,6,6,0,0,0,6,0,0,0,1,1,0,1,0,0,0,0,7,32,6,0,0,0,0,3,0,10,0,9,1,0,0,0,30,1,0
com.github.wxiaoqi.oss.cloud.QcloudCloudStorageService,class,10,12,2,10,9,2,0,18,13,0.6666667,0,0,6,0,5,1,0,0,5,0,0,0,1,0,0,1,0,0,0,0,0,40,4,0,1,1,0,6,1,9,3,7,1,0,0,0,36,1,0
com.github.wxiaoqi.security.modules.admin.entity.User,class,3,10,7,3,56,1,0,0,1484,0.96428543,0.018181818,0.018181818,56,0,56,0,0,0,56,0,0,0,28,0,0,28,0,0,0,0,0,198,28,0,0,0,0,11,0,28,0,28,0,0,0,0,56,1,0
com.github.wxiaoqi.security.common.util.jwt.RsaKeyHelper,class,3,5,2,3,11,1,0,22,55,0,0,0,11,6,11,0,0,0,11,0,1,0,0,0,0,0,0,0,0,0,9,85,9,0,0,0,2,12,5,36,0,35,0,0,0,0,62,1,0
com.github.wxiaoqi.security.auth.client.jwt.UserAuthUtil,class,6,8,2,6,4,1,0,2,0,0,NaN,NaN,1,0,1,0,0,0,1,0,0,0,1,0,0,1,0,0,0,0,1,17,1,0,0,1,0,3,0,0,0,1,1,0,0,0,32,1,0
com.github.wxiaoqi.security.configuration.KeyConfiguration,class,4,7,3,4,0,1,0,0,0,NaN,-1,-1,0,0,0,0,0,0,0,0,0,0,3,0,0,3,0,0,0,0,0,5,0,0,0,0,0,1,0,0,0,3,0,0,0,0,8,1,0
com.github.wxiaoqi.security.auth.client.exception.JwtTokenExpiredException,class,0,0,0,0,1,3,0,0,0,0,NaN,NaN,1,0,1,0,0,0,1,0,0,0,0,0,0,0,0,0,0,0,0,5,0,0,0,0,0,0,0,0,0,0,0,0,0,0,9,1,0
com.github.wxiaoqi.security.common.constant.UserConstant,class,0,0,0,0,0,1,0,0,0,NaN,-1,-1,0,0,0,0,0,0,0,0,0,0,1,1,1,0,0,0,0,0,0,3,0,0,0,0,0,0,1,1,0,1,0,0,0,0,18,1,0
com.github.wxiaoqi.security.common.rest.BaseController,class,15,23,8,15,7,1,0,9,0,0.5714286,0.71428573,0.71428573,7,0,7,0,0,0,7,0,0,0,2,0,0,0,2,0,0,0,1,32,7,0,0,0,0,6,0,3,0,5,0,0,0,0,38,1,0
com.github.wxiaoqi.security.modules.admin.entity.OnlineLog,class,1,3,2,1,0,1,0,0,0,NaN,-1,-1,0,0,0,0,0,0,0,0,0,0,8,0,0,8,0,0,0,0,0,10,0,0,0,0,0,0,0,0,0,8,0,0,0,0,15,1,0
com.github.wxiaoqi.oss.cloud.AliyunCloudStorageService,class,6,8,2,6,7,2,0,11,13,0.6666667,0,0,6,0,5,1,0,0,5,0,0,0,1,0,0,1,0,0,0,0,0,28,4,0,0,1,0,2,0,2,1,1,1,0,0,0,24,1,0
com.github.wxiaoqi.security.auth.client.config.FeignOkHttpConfig,class,11,11,0,11,1,1,0,6,0,0,NaN,NaN,1,0,1,0,0,0,1,0,0,0,4,0,0,3,0,1,0,0,0,9,1,0,0,0,0,0,3,3,0,4,0,0,0,0,16,1,0
com.github.wxiaoqi.security.modules.admin.biz.ResourceAuthorityBiz,class,5,6,1,5,0,2,0,0,0,0,-1,-1,0,0,0,0,0,0,0,0,0,0,0,0,0,0,0,0,0,0,0,2,0,0,0,0,0,0,0,0,0,0,0,0,0,0,9,1,0
com.github.wxiaoqi.security.modules.auth.mapper.ClientServiceMapper,interface,1,3,2,1,1,1,0,0,0,0,NaN,NaN,1,0,0,0,0,1,1,0,0,0,0,0,0,0,0,0,0,0,0,3,0,0,0,0,0,0,0,0,0,0,0,0,0,0,7,1,0
com.github.wxiaoqi.search.lucene.LuceneDao,class,23,26,3,23,28,1,0,28,41,0.85,0.071428575,0.071428575,10,0,8,2,0,0,8,0,0,0,4,1,0,4,0,0,1,0,5,181,6,1,3,14,1,10,3,44,4,35,2,0,0,0,82,1,4
com.github.wxiaoqi.security.auth.client.feign.ServiceAuthFeign,interface,5,6,1,5,1,1,0,0,0,0,NaN,NaN,1,0,1,0,0,0,1,0,0,0,0,0,0,0,0,0,0,0,0,3,0,0,0,0,0,4,0,0,0,0,0,0,0,0,14,1,0
com.github.wxiaoqi.security.sample.biz.SampleDataTestBiz,class,4,5,1,4,0,2,0,0,0,0,-1,-1,0,0,0,0,0,0,0,0,0,0,0,0,0,0,0,0,0,0,0,2,0,0,0,0,0,0,0,0,0,0,0,0,0,0,4,1,0
com.github.wxiaoqi.security.modules.admin.entity.GateLog,class,4,7,3,4,18,1,0,0,135,0.8888889,0.05882353,0.05882353,18,0,18,0,0,0,18,0,0,0,9,0,0,9,0,0,0,0,0,65,9,0,0,0,0,8,0,9,0,9,0,0,0,0,29,1,0
com.github.wxiaoqi.security.generator.mapper.GeneratorMapper,interface,0,1,1,0,4,1,0,0,6,0,0,0,4,0,0,0,0,4,4,0,0,0,0,0,0,0,0,0,0,0,0,6,0,0,0,0,0,0,0,0,0,0,0,0,0,0,10,1,0
com.github.wxiaoqi.security.modules.admin.mapper.GateLogMapper,interface,1,2,1,1,0,1,0,0,0,0,-1,-1,0,0,0,0,0,0,0,0,0,0,0,0,0,0,0,0,0,0,0,2,0,0,0,0,0,0,0,0,0,0,0,0,0,0,3,1,0
com.github.wxiaoqi.security.modules.auth.runner.AuthServerRunner,class,7,7,0,7,3,1,0,12,0,0,NaN,NaN,1,0,1,0,0,0,1,0,0,0,4,2,0,4,0,0,2,0,5,19,0,0,0,0,0,6,0,3,0,5,1,0,0,0,26,1,0
com.github.wxiaoqi.security.common.util.ClientUtil,class,1,2,1,1,10,1,0,4,0,0,NaN,NaN,1,1,1,0,0,0,1,0,0,0,0,0,0,0,0,0,0,0,0,15,1,0,6,0,0,6,3,4,0,1,1,0,0,0,12,1,0
com.github.wxiaoqi.security.common.service.impl.BaseServiceImpl,class,5,5,0,5,11,1,0,12,0,0,1,1,11,0,11,0,0,0,11,0,0,0,1,0,0,0,1,0,0,0,1,36,5,0,0,0,0,0,0,0,0,1,0,0,0,0,18,1,0
com.github.wxiaoqi.security.common.msg.ObjectRestResponse,class,3,19,16,3,3,2,0,1,0,0,1,1,3,0,3,0,0,0,3,0,0,0,1,0,0,0,0,1,0,0,0,14,3,0,0,0,0,0,0,1,0,1,0,0,0,0,13,1,0
com.github.wxiaoqi.security.modules.admin.rest.MenuController,class,17,18,1,17,16,2,0,28,26,0.75,0.04761905,0.04761905,8,0,7,1,0,0,7,0,0,0,1,0,0,1,0,0,0,0,4,76,10,2,2,2,0,17,2,17,3,14,2,0,0,0,39,1,0
com.github.wxiaoqi.search.lucene.util.DocumentUtil,class,8,10,2,8,4,1,0,19,3,0,0,0,3,3,2,1,0,0,2,0,0,0,0,0,0,0,0,0,0,0,4,31,4,0,1,0,0,12,0,4,0,4,1,0,0,0,27,1,0
com.github.wxiaoqi.security.common.exception.auth.ClientForbiddenException,class,1,1,0,1,1,5,0,0,0,0,NaN,NaN,1,0,1,0,0,0,1,0,0,0,0,0,0,0,0,0,0,0,0,5,0,0,0,0,0,0,0,0,0,0,0,0,0,0,9,1,0
com.github.wxiaoqi.security.auth.client.configuration.AutoConfiguration,class,5,5,0,5,2,1,0,0,1,0,0,0,2,0,0,0,0,2,2,0,0,0,0,0,0,0,0,0,0,0,0,8,2,0,0,0,0,1,0,0,0,0,0,0,0,0,11,1,0
com.github.wxiaoqi.search.controller.SearchController,class,10,10,0,10,6,1,0,4,0,0,1,1,5,0,5,0,0,0,5,0,0,0,1,0,0,1,0,0,0,0,0,24,5,1,0,0,0,8,0,0,0,1,1,0,0,0,27,1,0
com.github.wxiaoqi.security.modules.admin.rest.GroupController,class,19,20,1,19,19,2,0,23,45,1,0,0,10,0,9,1,0,0,9,0,0,0,1,0,0,1,0,0,0,0,9,66,12,1,0,0,0,20,0,6,2,6,1,0,0,0,51,1,0
com.github.wxiaoqi.security.common.web.ParameterRequestWrapper,class,2,2,0,2,12,2,0,4,0,0,1,1,5,0,5,0,0,0,5,0,0,0,1,0,0,1,0,0,0,0,0,50,11,0,2,0,0,0,2,5,0,5,2,0,0,0,34,1,0
com.github.wxiaoqi.security.configuration.RedisConfiguration,class,6,6,0,6,1,1,0,6,0,0,NaN,NaN,1,0,1,0,0,0,1,0,0,0,0,0,0,0,0,0,0,0,0,14,1,0,0,0,0,0,0,3,0,3,0,0,0,0,27,1,0
com.github.wxiaoqi.security.modules.auth.controller.AuthController,class,12,12,0,12,7,1,0,16,0,0.5625,1,1,4,0,4,0,0,0,4,0,0,0,4,0,0,3,1,0,0,0,1,31,4,0,2,0,0,9,0,4,1,8,1,0,0,0,36,1,1
com.github.wxiaoqi.security.generator.utils.GeneratorUtils,class,9,11,2,9,25,1,0,59,21,0,0,0,7,7,7,0,0,0,7,0,0,0,0,0,0,0,0,0,0,0,12,130,14,2,2,2,1,68,4,18,11,16,2,0,0,0,61,1,0
com.github.wxiaoqi.ToolBootstrap,class,4,5,1,4,1,1,0,1,0,0,NaN,NaN,1,1,1,0,0,0,1,0,0,0,0,0,0,0,0,0,0,0,0,5,0,0,0,0,0,0,0,0,0,0,0,0,0,0,8,1,0
com.github.wxiaoqi.security.common.biz.BaseBiz,class,9,24,15,9,17,1,0,29,0,0,1,1,15,0,15,0,0,0,15,0,0,0,1,0,0,0,1,0,0,0,4,62,8,1,0,0,1,2,2,6,1,6,2,0,0,0,36,1025,0
com.github.wxiaoqi.security.modules.auth.mapper.ClientMapper,interface,2,4,2,2,2,1,0,0,1,0,0,0,2,0,0,0,0,2,2,0,0,0,0,0,0,0,0,0,0,0,0,4,0,0,0,0,0,0,0,0,0,0,0,0,0,0,10,1,0
com.github.wxiaoqi.security.modules.admin.vo.MenuTree,class,2,6,4,2,25,2,0,1,266,0.90909094,0.06666667,0.08,25,0,25,0,0,0,25,0,0,0,11,0,0,0,0,11,0,0,0,93,11,0,0,0,0,0,0,20,0,11,0,0,0,0,37,1,0
com.github.wxiaoqi.security.common.context.BaseContextHandler,class,2,11,9,2,15,1,0,10,60,0.75,0.054545455,0.054545455,12,12,11,1,0,0,11,0,0,0,1,1,1,0,0,0,0,0,12,53,6,0,3,0,0,0,0,9,0,7,1,0,0,0,29,1,0
com.github.wxiaoqi.security.generator.utils.DateUtils,class,1,3,2,1,3,1,0,2,1,0.75,0,0,2,2,2,0,0,0,2,0,0,0,2,2,2,0,0,0,2,0,1,14,3,0,1,0,0,2,0,3,0,3,1,0,0,0,21,1,0
com.github.wxiaoqi.security.generator.config.DynamicDataSourceContextHolder$Anonymous1,anonymous,0,0,0,0,0,1,0,0,0,0,-1,-1,0,0,0,0,0,0,0,0,0,0,0,0,0,0,0,0,0,0,0,2,0,0,0,0,0,0,0,0,0,0,0,0,0,0,0,-1,0
