class,method,variable,usage
com.neo.config.PrimaryConfig,transactionManagerPrimary/1[com.neo.config.EntityManagerFactoryBuilder],builder,1
com.neo.config.PrimaryConfig,entityManagerFactoryPrimary/1[com.neo.config.EntityManagerFactoryBuilder],builder,1
com.neo.config.PrimaryConfig,entityManager/1[com.neo.config.EntityManagerFactoryBuilder],builder,1
com.neo.rabbit.many.NeoSender2,send/1[int],context,2
com.neo.rabbit.many.NeoSender2,send/1[int],i,1
com.neo.service.impl.MailServiceImpl,"sendSimpleMail/3[java.lang.String,java.lang.String,java.lang.String]",e,1
com.neo.service.impl.MailServiceImpl,"sendSimpleMail/3[java.lang.String,java.lang.String,java.lang.String]",subject,1
com.neo.service.impl.MailServiceImpl,"sendSimpleMail/3[java.lang.String,java.lang.String,java.lang.String]",to,1
com.neo.service.impl.MailServiceImpl,"sendSimpleMail/3[java.lang.String,java.lang.String,java.lang.String]",message,5
com.neo.service.impl.MailServiceImpl,"sendSimpleMail/3[java.lang.String,java.lang.String,java.lang.String]",content,1
com.neo.service.impl.MailServiceImpl,"sendInlineResourceMail/5[java.lang.String,java.lang.String,java.lang.String,java.lang.String,java.lang.String]",rscId,1
com.neo.service.impl.MailServiceImpl,"sendInlineResourceMail/5[java.lang.String,java.lang.String,java.lang.String,java.lang.String,java.lang.String]",res,1
com.neo.service.impl.MailServiceImpl,"sendInlineResourceMail/5[java.lang.String,java.lang.String,java.lang.String,java.lang.String,java.lang.String]",helper,5
com.neo.service.impl.MailServiceImpl,"sendInlineResourceMail/5[java.lang.String,java.lang.String,java.lang.String,java.lang.String,java.lang.String]",e,1
com.neo.service.impl.MailServiceImpl,"sendInlineResourceMail/5[java.lang.String,java.lang.String,java.lang.String,java.lang.String,java.lang.String]",subject,1
com.neo.service.impl.MailServiceImpl,"sendInlineResourceMail/5[java.lang.String,java.lang.String,java.lang.String,java.lang.String,java.lang.String]",to,1
com.neo.service.impl.MailServiceImpl,"sendInlineResourceMail/5[java.lang.String,java.lang.String,java.lang.String,java.lang.String,java.lang.String]",rscPath,1
com.neo.service.impl.MailServiceImpl,"sendInlineResourceMail/5[java.lang.String,java.lang.String,java.lang.String,java.lang.String,java.lang.String]",message,2
com.neo.service.impl.MailServiceImpl,"sendInlineResourceMail/5[java.lang.String,java.lang.String,java.lang.String,java.lang.String,java.lang.String]",content,1
com.neo.service.impl.MailServiceImpl,"sendHtmlMail/3[java.lang.String,java.lang.String,java.lang.String]",helper,4
com.neo.service.impl.MailServiceImpl,"sendHtmlMail/3[java.lang.String,java.lang.String,java.lang.String]",e,1
com.neo.service.impl.MailServiceImpl,"sendHtmlMail/3[java.lang.String,java.lang.String,java.lang.String]",subject,1
com.neo.service.impl.MailServiceImpl,"sendHtmlMail/3[java.lang.String,java.lang.String,java.lang.String]",to,1
com.neo.service.impl.MailServiceImpl,"sendHtmlMail/3[java.lang.String,java.lang.String,java.lang.String]",message,2
com.neo.service.impl.MailServiceImpl,"sendHtmlMail/3[java.lang.String,java.lang.String,java.lang.String]",content,1
com.neo.service.impl.MailServiceImpl,"sendAttachmentsMail/4[java.lang.String,java.lang.String,java.lang.String,java.lang.String]",fileName,1
com.neo.service.impl.MailServiceImpl,"sendAttachmentsMail/4[java.lang.String,java.lang.String,java.lang.String,java.lang.String]",file,1
com.neo.service.impl.MailServiceImpl,"sendAttachmentsMail/4[java.lang.String,java.lang.String,java.lang.String,java.lang.String]",helper,5
com.neo.service.impl.MailServiceImpl,"sendAttachmentsMail/4[java.lang.String,java.lang.String,java.lang.String,java.lang.String]",e,1
com.neo.service.impl.MailServiceImpl,"sendAttachmentsMail/4[java.lang.String,java.lang.String,java.lang.String,java.lang.String]",subject,1
com.neo.service.impl.MailServiceImpl,"sendAttachmentsMail/4[java.lang.String,java.lang.String,java.lang.String,java.lang.String]",filePath,3
com.neo.service.impl.MailServiceImpl,"sendAttachmentsMail/4[java.lang.String,java.lang.String,java.lang.String,java.lang.String]",to,1
com.neo.service.impl.MailServiceImpl,"sendAttachmentsMail/4[java.lang.String,java.lang.String,java.lang.String,java.lang.String]",message,2
com.neo.service.impl.MailServiceImpl,"sendAttachmentsMail/4[java.lang.String,java.lang.String,java.lang.String,java.lang.String]",content,1
com.neo.web.ExampleController,switchcase/1[com.neo.web.ModelMap],map,1
com.neo.web.ExampleController,ifunless/1[com.neo.web.ModelMap],map,1
com.neo.web.ExampleController,list/1[com.neo.web.ModelMap],map,1
com.neo.web.ExampleController,string/1[com.neo.web.ModelMap],map,1
com.neo.web.ExampleController,url/1[com.neo.web.ModelMap],map,3
com.neo.web.ExampleController,eq/1[com.neo.web.ModelMap],map,3
com.neo.web.ExampleController,getUserList/0,user1,1
com.neo.web.ExampleController,getUserList/0,user2,1
com.neo.web.ExampleController,getUserList/0,list,4
com.neo.web.ExampleController,getUserList/0,user3,1
com.neo.service.MailService,"sendSimpleMail/3[java.lang.String,java.lang.String,java.lang.String]",subject,0
com.neo.service.MailService,"sendSimpleMail/3[java.lang.String,java.lang.String,java.lang.String]",to,0
com.neo.service.MailService,"sendSimpleMail/3[java.lang.String,java.lang.String,java.lang.String]",content,0
com.neo.service.MailService,"sendInlineResourceMail/5[java.lang.String,java.lang.String,java.lang.String,java.lang.String,java.lang.String]",rscId,0
com.neo.service.MailService,"sendInlineResourceMail/5[java.lang.String,java.lang.String,java.lang.String,java.lang.String,java.lang.String]",subject,0
com.neo.service.MailService,"sendInlineResourceMail/5[java.lang.String,java.lang.String,java.lang.String,java.lang.String,java.lang.String]",to,0
com.neo.service.MailService,"sendInlineResourceMail/5[java.lang.String,java.lang.String,java.lang.String,java.lang.String,java.lang.String]",rscPath,0
com.neo.service.MailService,"sendInlineResourceMail/5[java.lang.String,java.lang.String,java.lang.String,java.lang.String,java.lang.String]",content,0
com.neo.service.MailService,"sendAttachmentsMail/4[java.lang.String,java.lang.String,java.lang.String,java.lang.String]",subject,0
com.neo.service.MailService,"sendAttachmentsMail/4[java.lang.String,java.lang.String,java.lang.String,java.lang.String]",filePath,0
com.neo.service.MailService,"sendAttachmentsMail/4[java.lang.String,java.lang.String,java.lang.String,java.lang.String]",to,0
com.neo.service.MailService,"sendAttachmentsMail/4[java.lang.String,java.lang.String,java.lang.String,java.lang.String]",content,0
com.neo.service.MailService,"sendHtmlMail/3[java.lang.String,java.lang.String,java.lang.String]",subject,0
com.neo.service.MailService,"sendHtmlMail/3[java.lang.String,java.lang.String,java.lang.String]",to,0
com.neo.service.MailService,"sendHtmlMail/3[java.lang.String,java.lang.String,java.lang.String]",content,0
com.neo.repository.MuliDatabaseTest,TestSave/0,secondary,1
com.neo.repository.MuliDatabaseTest,TestSave/0,primaries,1
com.neo.repository.MuliDatabaseTest,TestSave/0,primary,1
com.neo.repository.MuliDatabaseTest,TestSave/0,secondaries,1
UserRepositoryTests,testSave/0,date,1
UserRepositoryTests,testSave/0,dateFormat,1
UserRepositoryTests,testSave/0,formattedDate,3
UserRepositoryTests,testBaseQuery/0,date,1
UserRepositoryTests,testBaseQuery/0,dateFormat,1
UserRepositoryTests,testBaseQuery/0,formattedDate,1
UserRepositoryTests,testBaseQuery/0,user,3
com.neo.service.UserDetailService,"findByCondition/2[com.neo.param.UserDetailParam,com.neo.service.Pageable]",pageable,0
com.neo.service.UserDetailService,"findByCondition/2[com.neo.param.UserDetailParam,com.neo.service.Pageable]",detailParam,0
com.neo.WebApplication,main/1[java.lang.String[]],args,1
com.neo.entity.UserInfo,setPassword/1[java.lang.String],password,2
com.neo.entity.UserInfo,setName/1[java.lang.String],name,2
com.neo.entity.UserInfo,setState/1[byte],state,2
com.neo.entity.UserInfo,setSalt/1[java.lang.String],salt,2
com.neo.entity.UserInfo,setRoleList/1[java.util.List<com.neo.entity.SysRole>],roleList,2
com.neo.entity.UserInfo,setUsername/1[java.lang.String],username,2
com.neo.entity.UserInfo,setUid/1[java.lang.Integer],uid,2
com.neo.config.RedisConfig$Anonymous1,"generate/3[java.lang.Object,java.lang.reflect.Method,java.lang.Object[]]",method,1
com.neo.config.RedisConfig$Anonymous1,"generate/3[java.lang.Object,java.lang.reflect.Method,java.lang.Object[]]",obj,1
com.neo.config.RedisConfig$Anonymous1,"generate/3[java.lang.Object,java.lang.reflect.Method,java.lang.Object[]]",params,1
com.neo.config.RedisConfig$Anonymous1,"generate/3[java.lang.Object,java.lang.reflect.Method,java.lang.Object[]]",target,1
com.neo.config.RedisConfig$Anonymous1,"generate/3[java.lang.Object,java.lang.reflect.Method,java.lang.Object[]]",sb,4
com.neo.config.MemcachedRunner,run/1[java.lang.String[]],args,0
com.neo.config.MemcachedRunner,run/1[java.lang.String[]],e,1
UserRepository,"findByUserNameOrEmail/2[String,String]",email,0
UserRepository,"findByUserNameOrEmail/2[String,String]",username,0
UserRepository,findByUserName/1[String],userName,0
com.neo.FileUploadWebApplication,main/1[java.lang.String[]],args,1
com.neo.FileUploadWebApplication,tomcatEmbedded/0,connector,2
com.neo.FileUploadWebApplication,tomcatEmbedded/0,tomcat,2
com.neo.MessageControllerWebTests$RegexMatcher,"describeMismatchSafely/2[java.lang.String,com.neo.Description]",item,1
com.neo.MessageControllerWebTests$RegexMatcher,"describeMismatchSafely/2[java.lang.String,com.neo.Description]",mismatchDescription,1
com.neo.MessageControllerWebTests$RegexMatcher,matches/1[java.lang.String],regex,1
com.neo.MessageControllerWebTests$RegexMatcher,describeTo/1[com.neo.Description],description,1
com.neo.MessageControllerWebTests$RegexMatcher,matchesSafely/1[java.lang.String],item,1
com.neo.MessageControllerWebTests$RegexMatcher,RegexMatcher/1[java.lang.String],regex,2
com.neo.MyBatisPlusApplication,main/1[java.lang.String[]],args,1
ObjectReceiver,process/1[User],user,1
com.neo.config.props.MultipleMongoProperties,setPrimary/1[com.neo.config.props.MongoProperties],primary,2
com.neo.config.props.MultipleMongoProperties,setSecondary/1[com.neo.config.props.MongoProperties],secondary,2
com.neo.rabbit.many.NeoSender,send/1[int],context,2
com.neo.rabbit.many.NeoSender,send/1[int],i,1
com.neo.dao.UserInfoDao,findByUsername/1[java.lang.String],username,0
com.neo.SchedulerApplication,main/1[java.lang.String[]],args,1
NeoSender,send/1[int],context,2
NeoSender,send/1[int],i,1
MyShiroRealm,doGetAuthorizationInfo/1[PrincipalCollection],p,1
MyShiroRealm,doGetAuthorizationInfo/1[PrincipalCollection],userInfo,1
MyShiroRealm,doGetAuthorizationInfo/1[PrincipalCollection],authorizationInfo,3
MyShiroRealm,doGetAuthorizationInfo/1[PrincipalCollection],role,2
MyShiroRealm,doGetAuthorizationInfo/1[PrincipalCollection],principals,1
MyShiroRealm,doGetAuthenticationInfo/1[AuthenticationToken],userInfo,5
MyShiroRealm,doGetAuthenticationInfo/1[AuthenticationToken],authenticationInfo,1
MyShiroRealm,doGetAuthenticationInfo/1[AuthenticationToken],token,2
MyShiroRealm,doGetAuthenticationInfo/1[AuthenticationToken],username,1
MultipleMongoConfig,primaryFactory/1[MongoProperties],mongo,0
MultipleMongoConfig,primaryFactory/1[MongoProperties],client,1
MultipleMongoConfig,secondaryFactory/1[MongoProperties],mongo,0
MultipleMongoConfig,secondaryFactory/1[MongoProperties],client,1
com.neo.model.Message,setSummary/1[java.lang.String],summary,2
com.neo.model.Message,setId/1[java.lang.Long],id,2
com.neo.model.Message,setCreated/1[java.util.Calendar],created,2
com.neo.model.Message,setText/1[java.lang.String],text,2
InMemoryMessageRepository,save/1[Message],id,4
InMemoryMessageRepository,save/1[Message],message,4
InMemoryMessageRepository,deleteMessage/1[Long],id,1
InMemoryMessageRepository,findMessage/1[Long],id,1
UserEntity,setId/1[Long],id,2
UserEntity,setUserSex/1[UserSexEnum],userSex,2
UserEntity,setPassWord/1[String],passWord,2
UserEntity,setUserName/1[String],userName,2
UserEntity,"UserEntity/3[String,String,UserSexEnum]",passWord,2
UserEntity,"UserEntity/3[String,String,UserSexEnum]",userSex,2
UserEntity,"UserEntity/3[String,String,UserSexEnum]",userName,2
UserEntity,setNickName/1[String],nickName,2
com.neo.util.TestRedis,testObj/0,operations,2
com.neo.util.TestRedis,testObj/0,exists,1
com.neo.util.TestRedis,testObj/0,user,2
ThymeleafController,"hello/2[Locale,Model]",date,1
ThymeleafController,"hello/2[Locale,Model]",dateFormat,1
ThymeleafController,"hello/2[Locale,Model]",formattedDate,1
ThymeleafController,"hello/2[Locale,Model]",model,2
ThymeleafController,"hello/2[Locale,Model]",locale,1
DataSource1Config,testSqlSessionTemplate/1[SqlSessionFactory],sqlSessionFactory,1
DataSource1Config,testSqlSessionFactory/1[DataSource],dataSource,1
DataSource1Config,testSqlSessionFactory/1[DataSource],bean,3
DataSource1Config,testTransactionManager/1[DataSource],dataSource,1
UserServiceImpl,findUserById/1[long],id,1
UserServiceImpl,edit/1[User],user,1
UserServiceImpl,save/1[User],user,1
UserServiceImpl,delete/1[long],id,1
com.neo.repository.CustomerRepositoryTest,fetchAllCustomers/0,iterable,1
com.neo.repository.CustomerRepositoryTest,fetchAllCustomers/0,customer,1
com.neo.repository.CustomerRepositoryTest,fetchAggregation/0,sumBuilder,1
com.neo.repository.CustomerRepositoryTest,fetchAggregation/0,sumAge,1
com.neo.repository.CustomerRepositoryTest,fetchAggregation/0,searchQuery,1
com.neo.repository.CustomerRepositoryTest,fetchAggregation/0,aggregations,1
com.neo.repository.CustomerRepositoryTest,fetchAggregation/0,customerQuery,1
com.neo.repository.CustomerRepositoryTest,fetchAggregation/0,aggregationMap,1
com.neo.repository.CustomerRepositoryTest,fetchIndividualCustomers/0,q,1
com.neo.repository.CustomerRepositoryTest,fetchIndividualCustomers/0,customer,1
com.neo.repository.CustomerRepositoryTest,fetchPage2Customers/0,page,3
com.neo.repository.CustomerRepositoryTest,fetchPage2Customers/0,customerQuery,2
com.neo.repository.CustomerRepositoryTest,fetchPageCustomers/0,pageable,1
com.neo.repository.CustomerRepositoryTest,fetchPageCustomers/0,sort,1
com.neo.repository.CustomerRepositoryTest,fetchPageCustomers/0,customers,1
com.neo.repository.CustomerRepositoryTest,updateCustomers/0,xcustomer,1
com.neo.repository.CustomerRepositoryTest,updateCustomers/0,customer,3
com.neo.rabbit.fanout.FanoutSender,send/0,context,2
com.neo.web.MessageControllerTest,saveMessages/0,e,1
com.neo.web.MessageControllerTest,saveMessages/0,i,5
com.neo.web.MessageControllerTest,saveMessages/0,params,5
com.neo.web.MessageControllerTest,saveMessages/0,mvcResult,0
com.neo.web.MessageControllerTest,patchMessage/0,params,4
com.neo.web.MessageControllerTest,patchMessage/0,mvcResult,1
com.neo.web.MessageControllerTest,deleteMessage/0,mvcResult,1
com.neo.web.MessageControllerTest,saveMessage/0,params,4
com.neo.web.MessageControllerTest,saveMessage/0,mvcResult,1
com.neo.web.MessageControllerTest,modifyMessage/0,params,5
com.neo.web.MessageControllerTest,modifyMessage/0,mvcResult,1
com.neo.web.MessageControllerTest,getMessage/0,mvcResult,1
com.neo.web.MessageControllerTest,getAllMessages/0,mvcResult,1
com.neo.web.ProPertiesTest,testMap/0,orderMinTime,1
com.neo.rabbit.hello.HelloReceiver,process/1[java.lang.String],hello,1
com.neo.repository.test1.UserTest1Repository,findById/1[long],id,0
com.neo.repository.test1.UserTest1Repository,findByUserName/1[java.lang.String],userName,0
com.neo.repository.test1.UserTest1Repository,"findByUserNameOrEmail/2[java.lang.String,java.lang.String]",email,0
com.neo.repository.test1.UserTest1Repository,"findByUserNameOrEmail/2[java.lang.String,java.lang.String]",username,0
com.neo.mapper.UserMapper,getOne/1[java.lang.Long],id,0
com.neo.mapper.UserMapper,insert/1[com.neo.model.User],user,0
com.neo.mapper.UserMapper,delete/1[java.lang.Long],id,0
com.neo.mapper.UserMapper,update/1[com.neo.model.User],user,0
UserInfoService,findByUsername/1[String],username,0
com.neo.repository.UserRepositoryTest,testSaveUser/0,user,4
com.neo.repository.UserRepositoryTest,findUserByUserName/0,user,1
com.neo.repository.UserRepositoryTest,updateUser/0,user,4
com.neo.config.ShiroConfig,myShiroRealm/0,myShiroRealm,2
com.neo.config.ShiroConfig,securityManager/0,securityManager,2
com.neo.config.ShiroConfig,hashedCredentialsMatcher/0,hashedCredentialsMatcher,3
com.neo.config.ShiroConfig,authorizationAttributeSourceAdvisor/1[java.lang.SecurityManager],authorizationAttributeSourceAdvisor,2
com.neo.config.ShiroConfig,authorizationAttributeSourceAdvisor/1[java.lang.SecurityManager],securityManager,1
com.neo.config.ShiroConfig,createSimpleMappingExceptionResolver/0,r,4
com.neo.config.ShiroConfig,createSimpleMappingExceptionResolver/0,mappings,3
com.neo.config.ShiroConfig,shirFilter/1[java.lang.SecurityManager],securityManager,1
com.neo.config.ShiroConfig,shirFilter/1[java.lang.SecurityManager],shiroFilterFactoryBean,6
com.neo.config.ShiroConfig,shirFilter/1[java.lang.SecurityManager],filterChainDefinitionMap,4
com.neo.repository.UserRepository,"findByNickNameAndEmail/3[java.lang.String,java.lang.String,com.neo.repository.Pageable]",nickName,0
com.neo.repository.UserRepository,"findByNickNameAndEmail/3[java.lang.String,java.lang.String,com.neo.repository.Pageable]",pageable,0
com.neo.repository.UserRepository,"findByNickNameAndEmail/3[java.lang.String,java.lang.String,com.neo.repository.Pageable]",email,0
com.neo.repository.UserRepository,findByUserName/1[java.lang.String],userName,0
com.neo.repository.UserRepository,"modifyById/2[java.lang.String,java.lang.Long]",id,0
com.neo.repository.UserRepository,"modifyById/2[java.lang.String,java.lang.Long]",userName,0
com.neo.repository.UserRepository,deleteById/1[java.lang.Long],id,0
com.neo.repository.UserRepository,findByEmail/1[java.lang.String],email,0
com.neo.repository.UserRepository,"findByNickName/2[java.lang.String,com.neo.repository.Pageable]",nickName,0
com.neo.repository.UserRepository,"findByNickName/2[java.lang.String,com.neo.repository.Pageable]",pageable,0
com.neo.repository.UserRepository,"findByUserNameOrEmail/2[java.lang.String,java.lang.String]",email,0
com.neo.repository.UserRepository,"findByUserNameOrEmail/2[java.lang.String,java.lang.String]",username,0
com.neo.repository.UserRepository,findALL/1[com.neo.repository.Pageable],pageable,0
com.neo.service.CustomersInterface,"searchCity/3[java.lang.Integer,java.lang.Integer,java.lang.String]",pageNumber,0
com.neo.service.CustomersInterface,"searchCity/3[java.lang.Integer,java.lang.Integer,java.lang.String]",pageSize,0
com.neo.service.CustomersInterface,"searchCity/3[java.lang.Integer,java.lang.Integer,java.lang.String]",searchContent,0
ServletInitializer,configure/1[SpringApplicationBuilder],application,1
com.neo.repository.JpaSpecificationTests,testFindByCondition/0,size,1
com.neo.repository.JpaSpecificationTests,testFindByCondition/0,param,4
com.neo.repository.JpaSpecificationTests,testFindByCondition/0,page1,1
com.neo.repository.JpaSpecificationTests,testFindByCondition/0,userDetail,1
com.neo.repository.JpaSpecificationTests,testFindByCondition/0,pageable,1
com.neo.repository.JpaSpecificationTests,testFindByCondition/0,page,1
UserMapper,insert/1[User],user,0
UserMapper,delete/1[Long],id,0
UserMapper,update/1[User],user,0
UserMapper,getOne/1[Long],id,0
com.neo.rabbitmq.ObjectTest,sendOject/0,user,3
TopicRabbitConfig,"bindingExchangeMessage/2[Queue,TopicExchange]",exchange,1
TopicRabbitConfig,"bindingExchangeMessage/2[Queue,TopicExchange]",queueMessage,1
TopicRabbitConfig,"bindingExchangeMessages/2[Queue,TopicExchange]",exchange,1
TopicRabbitConfig,"bindingExchangeMessages/2[Queue,TopicExchange]",queueMessages,1
ThymeleafApplication$Anonymous1,convert/1[String],id,1
com.neo.sevice.UserInfoService,findByUsername/1[java.lang.String],username,0
com.neo.runner.OrderRunner1,run/1[java.lang.String[]],args,0
com.neo.runner.OrderRunner2,run/1[java.lang.String[]],args,0
FastDFSApplication,tomcatEmbedded/0,connector,2
FastDFSApplication,tomcatEmbedded/0,tomcat,2
FastDFSApplication,main/1[String[]],args,1
com.neo.mapper.User1MapperTest,testQuery/0,users,3
com.neo.mapper.User1MapperTest,testUpdate/0,user,3
com.neo.MailApplication,main/1[java.lang.String[]],args,1
com.neo.PackageApplication,main/1[java.lang.String[]],args,1
com.neo.PackageApplication,configure/1[com.neo.SpringApplicationBuilder],application,1
com.neo.MultiJpaApplication,main/1[java.lang.String[]],args,1
com.neo.dao.UserDao,deleteUserById/1[java.lang.Long],id,0
com.neo.dao.UserDao,updateUser/1[com.neo.entity.UserEntity],user,0
com.neo.dao.UserDao,findUserByUserName/1[java.lang.String],userName,0
com.neo.dao.UserDao,saveUser/1[com.neo.entity.UserEntity],user,0
HelloReceiver,process/1[String],hello,1
com.neo.config.MyShiroRealm,doGetAuthorizationInfo/1[com.neo.config.PrincipalCollection],p,1
com.neo.config.MyShiroRealm,doGetAuthorizationInfo/1[com.neo.config.PrincipalCollection],userInfo,1
com.neo.config.MyShiroRealm,doGetAuthorizationInfo/1[com.neo.config.PrincipalCollection],authorizationInfo,3
com.neo.config.MyShiroRealm,doGetAuthorizationInfo/1[com.neo.config.PrincipalCollection],role,2
com.neo.config.MyShiroRealm,doGetAuthorizationInfo/1[com.neo.config.PrincipalCollection],principals,1
com.neo.config.MyShiroRealm,doGetAuthenticationInfo/1[com.neo.config.AuthenticationToken],userInfo,5
com.neo.config.MyShiroRealm,doGetAuthenticationInfo/1[com.neo.config.AuthenticationToken],authenticationInfo,1
com.neo.config.MyShiroRealm,doGetAuthenticationInfo/1[com.neo.config.AuthenticationToken],token,2
com.neo.config.MyShiroRealm,doGetAuthenticationInfo/1[com.neo.config.AuthenticationToken],username,1
MultipleMongoProperties,setSecondary/1[MongoProperties],secondary,2
MultipleMongoProperties,setPrimary/1[MongoProperties],primary,2
com.neo.entity.SysPermission,setPermission/1[java.lang.String],permission,2
com.neo.entity.SysPermission,setResourceType/1[java.lang.String],resourceType,2
com.neo.entity.SysPermission,setName/1[java.lang.String],name,2
com.neo.entity.SysPermission,setParentIds/1[java.lang.String],parentIds,2
com.neo.entity.SysPermission,setUrl/1[java.lang.String],url,2
com.neo.entity.SysPermission,setRoles/1[java.util.List<com.neo.entity.SysRole>],roles,2
com.neo.entity.SysPermission,setId/1[java.lang.Integer],id,2
com.neo.entity.SysPermission,setParentId/1[java.lang.Long],parentId,2
com.neo.entity.SysPermission,setAvailable/1[java.lang.Boolean],available,2
com.neo.JpaApplication,main/1[java.lang.String[]],args,1
User2MapperTest,testQuery/0,users,3
User2MapperTest,testUpdate/0,id,2
User2MapperTest,testUpdate/0,user,3
com.neo.entity.User,setId/1[long],id,2
com.neo.entity.User,setUserName/1[java.lang.String],userName,2
com.neo.entity.User,setAge/1[int],age,2
com.neo.entity.User,setPassword/1[java.lang.String],password,2
com.neo.RabbitMQApplication,main/1[java.lang.String[]],args,1
com.neo.rabbit.fanout.FanoutReceiverC,process/1[java.lang.String],message,1
com.neo.rabbit.fanout.FanoutReceiverB,process/1[java.lang.String],message,1
com.neo.rabbit.fanout.FanoutReceiverA,process/1[java.lang.String],message,1
com.neo.config.BaseResult,setData/1[T],data,2
com.neo.config.BaseResult,BaseResult/1[T],data,1
com.neo.config.BaseResult,buildWithParam/1[com.neo.config.BaseResult.ResponseParam],param,2
com.neo.config.BaseResult,setMsg/1[java.lang.String],msg,2
com.neo.config.BaseResult,setCode/1[int],code,2
com.neo.config.BaseResult,"failWithCodeAndMsg/2[int,java.lang.String]",msg,1
com.neo.config.BaseResult,"failWithCodeAndMsg/2[int,java.lang.String]",code,1
com.neo.config.BaseResult,successWithData/1[T],data,1
com.neo.config.BaseResult,"BaseResult/3[int,java.lang.String,T]",msg,2
com.neo.config.BaseResult,"BaseResult/3[int,java.lang.String,T]",code,2
com.neo.config.BaseResult,"BaseResult/3[int,java.lang.String,T]",data,2
com.neo.config.BaseResult,"BaseResult/2[int,java.lang.String]",msg,1
com.neo.config.BaseResult,"BaseResult/2[int,java.lang.String]",code,1
JpaThymeleafApplication,configure/1[SpringApplicationBuilder],application,1
JpaThymeleafApplication,main/1[String[]],args,1
com.neo.repository.impl.UserRepositoryImpl,deleteUserById/1[java.lang.Long],query,1
com.neo.repository.impl.UserRepositoryImpl,deleteUserById/1[java.lang.Long],id,1
com.neo.repository.impl.UserRepositoryImpl,findUserByUserName/1[java.lang.String],query,1
com.neo.repository.impl.UserRepositoryImpl,findUserByUserName/1[java.lang.String],userName,1
com.neo.repository.impl.UserRepositoryImpl,findUserByUserName/1[java.lang.String],user,1
com.neo.repository.impl.UserRepositoryImpl,saveUser/1[com.neo.model.User],user,1
com.neo.repository.impl.UserRepositoryImpl,updateUser/1[com.neo.model.User],result,2
com.neo.repository.impl.UserRepositoryImpl,updateUser/1[com.neo.model.User],query,1
com.neo.repository.impl.UserRepositoryImpl,updateUser/1[com.neo.model.User],update,1
com.neo.repository.impl.UserRepositoryImpl,updateUser/1[com.neo.model.User],user,3
DataSource2Config,testSqlSessionTemplate/1[SqlSessionFactory],sqlSessionFactory,1
DataSource2Config,testSqlSessionFactory/1[DataSource],dataSource,1
DataSource2Config,testSqlSessionFactory/1[DataSource],bean,3
DataSource2Config,testTransactionManager/1[DataSource],dataSource,1
AdminClientApplication,main/1[String[]],args,1
com.neo.fastdfs.FastDFSFile,"FastDFSFile/3[java.lang.String,byte[],java.lang.String]",ext,2
com.neo.fastdfs.FastDFSFile,"FastDFSFile/3[java.lang.String,byte[],java.lang.String]",name,2
com.neo.fastdfs.FastDFSFile,"FastDFSFile/3[java.lang.String,byte[],java.lang.String]",content,2
com.neo.fastdfs.FastDFSFile,setContent/1[byte[]],content,2
com.neo.fastdfs.FastDFSFile,"FastDFSFile/6[java.lang.String,byte[],java.lang.String,java.lang.String,java.lang.String,java.lang.String]",ext,2
com.neo.fastdfs.FastDFSFile,"FastDFSFile/6[java.lang.String,byte[],java.lang.String,java.lang.String,java.lang.String,java.lang.String]",author,2
com.neo.fastdfs.FastDFSFile,"FastDFSFile/6[java.lang.String,byte[],java.lang.String,java.lang.String,java.lang.String,java.lang.String]",name,2
com.neo.fastdfs.FastDFSFile,"FastDFSFile/6[java.lang.String,byte[],java.lang.String,java.lang.String,java.lang.String,java.lang.String]",width,0
com.neo.fastdfs.FastDFSFile,"FastDFSFile/6[java.lang.String,byte[],java.lang.String,java.lang.String,java.lang.String,java.lang.String]",content,2
com.neo.fastdfs.FastDFSFile,"FastDFSFile/6[java.lang.String,byte[],java.lang.String,java.lang.String,java.lang.String,java.lang.String]",height,0
com.neo.fastdfs.FastDFSFile,setAuthor/1[java.lang.String],author,2
com.neo.fastdfs.FastDFSFile,setName/1[java.lang.String],name,2
com.neo.fastdfs.FastDFSFile,setMd5/1[java.lang.String],md5,2
com.neo.fastdfs.FastDFSFile,setExt/1[java.lang.String],ext,2
com.neo.web.UserController,delete/1[java.lang.Long],id,1
com.neo.web.UserController,edit/1[com.neo.model.User],user,1
com.neo.web.UserController,add/1[com.neo.model.User],user,1
com.neo.web.UserController,list/1[com.neo.web.Model],model,1
com.neo.web.UserController,list/1[com.neo.web.Model],users,1
com.neo.web.UserController,"toEdit/2[com.neo.web.Model,java.lang.Long]",model,1
com.neo.web.UserController,"toEdit/2[com.neo.web.Model,java.lang.Long]",id,1
com.neo.web.UserController,"toEdit/2[com.neo.web.Model,java.lang.Long]",user,1
ActuatorApplication,main/1[String[]],args,1
com.neo.DockerApplication,main/1[java.lang.String[]],args,1
MyFilter,init/1[FilterConfig],arg0,0
MyFilter,"doFilter/3[ServletRequest,ServletResponse,FilterChain]",sresponse,1
MyFilter,"doFilter/3[ServletRequest,ServletResponse,FilterChain]",request,1
MyFilter,"doFilter/3[ServletRequest,ServletResponse,FilterChain]",srequest,2
MyFilter,"doFilter/3[ServletRequest,ServletResponse,FilterChain]",filterChain,1
com.neo.rabbit.object.ObjectReceiver,process/1[com.neo.model.User],user,1
com.neo.dao.UserDaoTest,testSaveUser/0,user,4
com.neo.dao.UserDaoTest,findUserByUserName/0,user,1
com.neo.dao.UserDaoTest,updateUser/0,user,4
com.neo.controller.GlobalExceptionHandler,"handleError1/2[com.neo.controller.MultipartException,com.neo.controller.RedirectAttributes]",e,2
com.neo.controller.GlobalExceptionHandler,"handleError1/2[com.neo.controller.MultipartException,com.neo.controller.RedirectAttributes]",redirectAttributes,1
com.neo.SwaggerApplication,main/1[java.lang.String[]],args,1
com.neo.service.UserDetailServiceImpl,"findByCondition/2[com.neo.param.UserDetailParam,com.neo.service.Pageable]",predicates,6
com.neo.service.UserDetailServiceImpl,"findByCondition/2[com.neo.param.UserDetailParam,com.neo.service.Pageable]",root,4
com.neo.service.UserDetailServiceImpl,"findByCondition/2[com.neo.param.UserDetailParam,com.neo.service.Pageable]",query,1
com.neo.service.UserDetailServiceImpl,"findByCondition/2[com.neo.param.UserDetailParam,com.neo.service.Pageable]",pageable,1
com.neo.service.UserDetailServiceImpl,"findByCondition/2[com.neo.param.UserDetailParam,com.neo.service.Pageable]",agePredicate,1
com.neo.service.UserDetailServiceImpl,"findByCondition/2[com.neo.param.UserDetailParam,com.neo.service.Pageable]",detailParam,10
com.neo.service.UserDetailServiceImpl,"findByCondition/2[com.neo.param.UserDetailParam,com.neo.service.Pageable]",cb,4
com.neo.config.BaseResult$ResponseParam,"ResponseParam/2[int,java.lang.String]",msg,2
com.neo.config.BaseResult$ResponseParam,"ResponseParam/2[int,java.lang.String]",code,2
com.neo.config.BaseResult$ResponseParam,"buildParam/2[int,java.lang.String]",msg,1
com.neo.config.BaseResult$ResponseParam,"buildParam/2[int,java.lang.String]",code,1
com.neo.config.BaseResult$ResponseParam,setCode/1[int],code,2
com.neo.config.BaseResult$ResponseParam,setMsg/1[java.lang.String],msg,2
com.neo.WebFluxApplication,main/1[java.lang.String[]],args,1
com.neo.controller.MessageController,delete/1[java.lang.Long],messages,1
com.neo.controller.MessageController,delete/1[java.lang.Long],id,1
com.neo.controller.MessageController,createForm/1[com.neo.model.Message],message,0
com.neo.controller.MessageController,modifyForm/1[com.neo.model.Message],message,1
com.neo.controller.MessageController,MessageController/1[com.neo.repository.MessageRepository],messageRepository,2
com.neo.controller.MessageController,list/0,messages,1
com.neo.controller.MessageController,"create/3[com.neo.model.Message,com.neo.controller.BindingResult,com.neo.controller.RedirectAttributes]",result,2
com.neo.controller.MessageController,"create/3[com.neo.model.Message,com.neo.controller.BindingResult,com.neo.controller.RedirectAttributes]",redirect,1
com.neo.controller.MessageController,"create/3[com.neo.model.Message,com.neo.controller.BindingResult,com.neo.controller.RedirectAttributes]",message,3
com.neo.controller.MessageController,view/1[com.neo.model.Message],message,1
User1Mapper,insert/1[User],user,0
User1Mapper,delete/1[Long],id,0
User1Mapper,update/1[User],user,0
User1Mapper,getOne/1[Long],id,0
com.neo.thymeleaf.ThymeleafApplication,main/1[java.lang.String[]],args,1
com.neo.thymeleaf.ThymeleafApplication,configure/1[com.neo.thymeleaf.SpringApplicationBuilder],application,1
com.neo.HelloApplication,main/1[java.lang.String[]],args,1
FanoutReceiverB,process/1[String],message,1
FanoutReceiverC,process/1[String],message,1
com.neo.MyBatisPlusTest,testUpdate/0,user,2
com.neo.MyBatisPlusTest,testPage/0,page,2
com.neo.MyBatisPlusTest,testPage/0,userIPage,5
com.neo.MyBatisPlusTest,testInsert/0,user,5
com.neo.MyBatisPlusTest,testSelect/0,userList,2
com.neo.MyBatisPlusTest,testSelectCondition/0,userList,1
com.neo.MyBatisPlusTest,testSelectCondition/0,wrapper,2
com.neo.MyBatisPlusTest,print/1[java.util.List<T>],list,2
com.neo.MyBatisPlusTest,testSelectOne/0,user,1
TopicSender,send/0,context,2
TopicSender,send1/0,context,2
TopicSender,send2/0,context,2
ShiroConfig,shirFilter/1[SecurityManager],securityManager,1
ShiroConfig,shirFilter/1[SecurityManager],shiroFilterFactoryBean,6
ShiroConfig,shirFilter/1[SecurityManager],filterChainDefinitionMap,4
ShiroConfig,myShiroRealm/0,myShiroRealm,2
ShiroConfig,securityManager/0,securityManager,2
ShiroConfig,hashedCredentialsMatcher/0,hashedCredentialsMatcher,3
ShiroConfig,createSimpleMappingExceptionResolver/0,r,4
ShiroConfig,createSimpleMappingExceptionResolver/0,mappings,3
ShiroConfig,authorizationAttributeSourceAdvisor/1[SecurityManager],authorizationAttributeSourceAdvisor,2
ShiroConfig,authorizationAttributeSourceAdvisor/1[SecurityManager],securityManager,1
com.neo.MongoDBApplication,main/1[java.lang.String[]],args,1
com.neo.domain.User,setRegTime/1[java.lang.String],regTime,2
com.neo.domain.User,setNickName/1[java.lang.String],nickName,2
com.neo.domain.User,setUserName/1[java.lang.String],userName,2
com.neo.domain.User,setPassWord/1[java.lang.String],passWord,2
com.neo.domain.User,"User/5[java.lang.String,java.lang.String,java.lang.String,java.lang.String,java.lang.String]",passWord,2
com.neo.domain.User,"User/5[java.lang.String,java.lang.String,java.lang.String,java.lang.String,java.lang.String]",regTime,2
com.neo.domain.User,"User/5[java.lang.String,java.lang.String,java.lang.String,java.lang.String,java.lang.String]",nickName,2
com.neo.domain.User,"User/5[java.lang.String,java.lang.String,java.lang.String,java.lang.String,java.lang.String]",userName,2
com.neo.domain.User,"User/5[java.lang.String,java.lang.String,java.lang.String,java.lang.String,java.lang.String]",email,2
com.neo.domain.User,setId/1[java.lang.Long],id,2
com.neo.domain.User,setEmail/1[java.lang.String],email,2
FanoutReceiverA,process/1[String],message,1
com.neo.repository.UserRepositoryTests,testSave/0,date,1
com.neo.repository.UserRepositoryTests,testSave/0,dateFormat,1
com.neo.repository.UserRepositoryTests,testSave/0,formattedDate,3
com.neo.repository.UserRepositoryTests,testBaseQuery/0,date,1
com.neo.repository.UserRepositoryTests,testBaseQuery/0,dateFormat,1
com.neo.repository.UserRepositoryTests,testBaseQuery/0,formattedDate,1
com.neo.repository.UserRepositoryTests,testBaseQuery/0,user,3
com.neo.repository.UserRepositoryTests,testPageQuery/0,size,1
com.neo.repository.UserRepositoryTests,testPageQuery/0,pageable,2
com.neo.repository.UserRepositoryTests,testPageQuery/0,page,1
com.neo.SpringBootShiroApplication,main/1[java.lang.String[]],args,1
com.neo.model.UserRepositoryTests,test/0,date,1
com.neo.model.UserRepositoryTests,test/0,dateFormat,1
com.neo.model.UserRepositoryTests,test/0,formattedDate,3
UserMapperTest,testQuery/0,users,3
UserMapperTest,testUpdate/0,id,2
UserMapperTest,testUpdate/0,user,3
UserInfoDao,findByUsername/1[String],username,0
UserInfo,setUid/1[Integer],uid,2
UserInfo,setRoleList/1[List<SysRole>],roleList,2
UserInfo,setUsername/1[String],username,2
UserInfo,setName/1[String],name,2
UserInfo,setState/1[byte],state,2
UserInfo,setPassword/1[String],password,2
UserInfo,setSalt/1[String],salt,2
User2Mapper,insert/1[User],user,0
User2Mapper,delete/1[Long],id,0
User2Mapper,update/1[User],user,0
User2Mapper,getOne/1[Long],id,0
com.neo.repository.VisitorRepository,findByIp/1[java.lang.String],ip,0
com.neo.util.NeoProperties,setTitle/1[java.lang.String],title,2
com.neo.util.NeoProperties,setDescription/1[java.lang.String],description,2
com.neo.model.Customer,setAge/1[int],age,2
com.neo.model.Customer,setAddress/1[java.lang.String],address,2
com.neo.model.Customer,"Customer/3[java.lang.String,java.lang.String,int]",address,2
com.neo.model.Customer,"Customer/3[java.lang.String,java.lang.String,int]",userName,2
com.neo.model.Customer,"Customer/3[java.lang.String,java.lang.String,int]",age,2
com.neo.model.Customer,setId/1[java.lang.String],id,2
com.neo.model.Customer,setUserName/1[java.lang.String],userName,2
com.neo.dao.impl.UserDaoImpl,findUserByUserName/1[java.lang.String],query,1
com.neo.dao.impl.UserDaoImpl,findUserByUserName/1[java.lang.String],userName,1
com.neo.dao.impl.UserDaoImpl,findUserByUserName/1[java.lang.String],user,1
com.neo.dao.impl.UserDaoImpl,updateUser/1[com.neo.entity.UserEntity],result,2
com.neo.dao.impl.UserDaoImpl,updateUser/1[com.neo.entity.UserEntity],query,1
com.neo.dao.impl.UserDaoImpl,updateUser/1[com.neo.entity.UserEntity],update,1
com.neo.dao.impl.UserDaoImpl,updateUser/1[com.neo.entity.UserEntity],user,3
com.neo.dao.impl.UserDaoImpl,saveUser/1[com.neo.entity.UserEntity],user,1
com.neo.dao.impl.UserDaoImpl,deleteUserById/1[java.lang.Long],query,1
com.neo.dao.impl.UserDaoImpl,deleteUserById/1[java.lang.Long],id,1
com.neo.mapper.User2MapperTest,testQuery/0,users,3
com.neo.mapper.User2MapperTest,testUpdate/0,user,3
UserController,saveUser/1[String],user,7
UserController,saveUser/1[String],key,5
UserController,getUsers/0,users,1
UserController,getUserByName/0,user,1
com.neo.model.User,setNickName/1[java.lang.String],nickName,2
com.neo.model.User,"User/5[java.lang.String,java.lang.String,java.lang.String,java.lang.String,java.lang.String]",passWord,2
com.neo.model.User,"User/5[java.lang.String,java.lang.String,java.lang.String,java.lang.String,java.lang.String]",regTime,2
com.neo.model.User,"User/5[java.lang.String,java.lang.String,java.lang.String,java.lang.String,java.lang.String]",nickName,2
com.neo.model.User,"User/5[java.lang.String,java.lang.String,java.lang.String,java.lang.String,java.lang.String]",userName,2
com.neo.model.User,"User/5[java.lang.String,java.lang.String,java.lang.String,java.lang.String,java.lang.String]",email,2
com.neo.model.User,setUserName/1[java.lang.String],userName,2
com.neo.model.User,setId/1[java.lang.Long],id,2
com.neo.model.User,setPassWord/1[java.lang.String],passWord,2
com.neo.model.User,setEmail/1[java.lang.String],email,2
com.neo.model.User,setRegTime/1[java.lang.String],regTime,2
NeoReceiver1,process/1[String],neo,1
RedisConfig$Anonymous1,"generate/3[Object,Method,Object[]]",method,1
RedisConfig$Anonymous1,"generate/3[Object,Method,Object[]]",obj,1
RedisConfig$Anonymous1,"generate/3[Object,Method,Object[]]",params,1
RedisConfig$Anonymous1,"generate/3[Object,Method,Object[]]",target,1
RedisConfig$Anonymous1,"generate/3[Object,Method,Object[]]",sb,4
NeoReceiver2,process/1[String],neo,1
UploadController,"singleFileUpload/2[MultipartFile,RedirectAttributes]",path,1
UploadController,"singleFileUpload/2[MultipartFile,RedirectAttributes]",file,4
UploadController,"singleFileUpload/2[MultipartFile,RedirectAttributes]",e,1
UploadController,"singleFileUpload/2[MultipartFile,RedirectAttributes]",bytes,1
UploadController,"singleFileUpload/2[MultipartFile,RedirectAttributes]",dir,2
UploadController,"singleFileUpload/2[MultipartFile,RedirectAttributes]",redirectAttributes,3
com.neo.entity.SysRole,setDescription/1[java.lang.String],description,2
com.neo.entity.SysRole,setRole/1[java.lang.String],role,2
com.neo.entity.SysRole,setId/1[java.lang.Integer],id,2
com.neo.entity.SysRole,setUserInfos/1[java.util.List<com.neo.entity.UserInfo>],userInfos,2
com.neo.entity.SysRole,setAvailable/1[java.lang.Boolean],available,2
com.neo.entity.SysRole,setPermissions/1[java.util.List<com.neo.entity.SysPermission>],permissions,2
com.neo.ComposeApplication,main/1[java.lang.String[]],args,1
com.neo.web.HomeController,"login/2[com.neo.web.HttpServletRequest,java.util.Map<java.lang.String,java.lang.Object>]",exception,7
com.neo.web.HomeController,"login/2[com.neo.web.HttpServletRequest,java.util.Map<java.lang.String,java.lang.Object>]",msg,5
com.neo.web.HomeController,"login/2[com.neo.web.HttpServletRequest,java.util.Map<java.lang.String,java.lang.Object>]",request,1
com.neo.web.HomeController,"login/2[com.neo.web.HttpServletRequest,java.util.Map<java.lang.String,java.lang.Object>]",map,1
com.neo.RepositoryTests,testSetGet/0,memcachedClient,2
ObjectSender,send/1[User],user,2
com.neo.ServletInitializer,configure/1[com.neo.SpringApplicationBuilder],application,1
com.neo.config.MemcacheSource,setPort/1[int],port,2
com.neo.config.MemcacheSource,setIp/1[java.lang.String],ip,2
com.neo.model.Address,setUserId/1[java.lang.Long],userId,2
com.neo.model.Address,setId/1[java.lang.Long],id,2
com.neo.model.Address,setStreet/1[java.lang.String],street,2
com.neo.model.Address,setCity/1[java.lang.String],city,2
com.neo.model.Address,setProvince/1[java.lang.String],province,2
com.neo.MybatisAnnotationApplication,main/1[java.lang.String[]],args,1
com.neo.TLayoutApplication,main/1[java.lang.String[]],args,1
com.neo.domain.UserRepository,findByUserName/1[java.lang.String],userName,0
com.neo.domain.UserRepository,"findByUserNameOrEmail/2[java.lang.String,java.lang.String]",email,0
com.neo.domain.UserRepository,"findByUserNameOrEmail/2[java.lang.String,java.lang.String]",username,0
ObjectTest,sendOject/0,user,3
com.neo.repository.MessageRepository,save/1[com.neo.model.Message],message,0
com.neo.repository.MessageRepository,findMessage/1[java.lang.Long],id,0
com.neo.repository.MessageRepository,deleteMessage/1[java.lang.Long],id,0
com.neo.param.UserDetailParam,setMaxAge/1[java.lang.Integer],maxAge,2
com.neo.param.UserDetailParam,setUserId/1[java.lang.String],userId,2
com.neo.param.UserDetailParam,setMinAge/1[java.lang.Integer],minAge,2
com.neo.param.UserDetailParam,setRealName/1[java.lang.String],realName,2
com.neo.param.UserDetailParam,setIntroduction/1[java.lang.String],introduction,2
com.neo.param.UserDetailParam,setCity/1[java.lang.String],city,2
NeoProperties,setTitle/1[String],title,2
NeoProperties,setDescription/1[String],description,2
com.neo.mapper.test2.User2Mapper,update/1[com.neo.model.User],user,0
com.neo.mapper.test2.User2Mapper,insert/1[com.neo.model.User],user,0
com.neo.mapper.test2.User2Mapper,getOne/1[java.lang.Long],id,0
com.neo.mapper.test2.User2Mapper,delete/1[java.lang.Long],id,0
com.neo.rabbit.many.NeoReceiver2,process/1[java.lang.String],neo,1
com.neo.rabbit.many.NeoReceiver1,process/1[java.lang.String],neo,1
com.neo.rabbit.object.ObjectSender,send/1[com.neo.model.User],user,2
AdminServerApplication,main/1[String[]],args,1
ThymeleafApplication,main/1[String[]],args,1
com.neo.repository.UserDetailRepositoryTests,testUserInfo/0,userInfo,4
com.neo.repository.UserDetailRepositoryTests,testUserInfo/0,userInfos,1
com.neo.repository.UserDetailRepositoryTests,testSaveUserDetail/0,date,1
com.neo.repository.UserDetailRepositoryTests,testSaveUserDetail/0,dateFormat,1
com.neo.repository.UserDetailRepositoryTests,testSaveUserDetail/0,formattedDate,0
com.neo.repository.UserDetailRepositoryTests,testSaveUserDetail/0,userDetail,5
com.neo.repository.UserDetailRepositoryTests,testSaveAddress/0,address,5
com.neo.repository.test2.UserTest2Repository,findById/1[long],id,0
com.neo.repository.test2.UserTest2Repository,findByUserName/1[java.lang.String],userName,0
com.neo.repository.test2.UserTest2Repository,"findByUserNameOrEmail/2[java.lang.String,java.lang.String]",email,0
com.neo.repository.test2.UserTest2Repository,"findByUserNameOrEmail/2[java.lang.String,java.lang.String]",username,0
com.neo.domain.UserRepositoryTests,test/0,date,1
com.neo.domain.UserRepositoryTests,test/0,dateFormat,1
com.neo.domain.UserRepositoryTests,test/0,formattedDate,3
com.neo.rabbitmq.ManyTest,oneToMany/0,i,3
com.neo.rabbitmq.ManyTest,manyToMany/0,i,4
com.neo.datasource.DataSource1Config,testTransactionManager/1[javax.sql.DataSource],dataSource,1
com.neo.datasource.DataSource1Config,testSqlSessionTemplate/1[com.neo.datasource.SqlSessionFactory],sqlSessionFactory,1
com.neo.datasource.DataSource1Config,testSqlSessionFactory/1[javax.sql.DataSource],dataSource,1
com.neo.datasource.DataSource1Config,testSqlSessionFactory/1[javax.sql.DataSource],bean,2
com.neo.model.UserDetail,setId/1[java.lang.Long],id,2
com.neo.model.UserDetail,setIntroduction/1[java.lang.String],introduction,2
com.neo.model.UserDetail,setHobby/1[java.lang.String],hobby,2
com.neo.model.UserDetail,setUserId/1[java.lang.Long],userId,2
com.neo.model.UserDetail,setStatus/1[java.lang.String],status,2
com.neo.model.UserDetail,setAge/1[java.lang.Integer],age,2
com.neo.model.UserDetail,setRealName/1[java.lang.String],realName,2
com.neo.model.UserDetail,setLastLoginIp/1[java.lang.String],lastLoginIp,2
GlobalExceptionHandler,"handleError1/2[MultipartException,RedirectAttributes]",e,1
GlobalExceptionHandler,"handleError1/2[MultipartException,RedirectAttributes]",redirectAttributes,1
com.neo.service.UserService,delete/1[long],id,0
com.neo.service.UserService,findUserById/1[long],id,0
com.neo.service.UserService,edit/1[com.neo.model.User],user,0
com.neo.service.UserService,save/1[com.neo.model.User],user,0
HomeController,"login/2[HttpServletRequest,Map<String,Object>]",exception,7
HomeController,"login/2[HttpServletRequest,Map<String,Object>]",msg,5
HomeController,"login/2[HttpServletRequest,Map<String,Object>]",request,1
HomeController,"login/2[HttpServletRequest,Map<String,Object>]",map,1
com.neo.banner.BannerApplication,main/1[java.lang.String[]],args,1
com.neo.MybatisXmlApplication,main/1[java.lang.String[]],args,1
com.neo.TestRedis,testObj/0,operations,2
com.neo.TestRedis,testObj/0,exists,1
com.neo.TestRedis,testObj/0,user,2
MailServiceImpl,"sendHtmlMail/3[String,String,String]",helper,4
MailServiceImpl,"sendHtmlMail/3[String,String,String]",e,1
MailServiceImpl,"sendHtmlMail/3[String,String,String]",subject,1
MailServiceImpl,"sendHtmlMail/3[String,String,String]",to,1
MailServiceImpl,"sendHtmlMail/3[String,String,String]",message,2
MailServiceImpl,"sendHtmlMail/3[String,String,String]",content,1
MailServiceImpl,"sendSimpleMail/3[String,String,String]",e,1
MailServiceImpl,"sendSimpleMail/3[String,String,String]",subject,1
MailServiceImpl,"sendSimpleMail/3[String,String,String]",to,1
MailServiceImpl,"sendSimpleMail/3[String,String,String]",message,5
MailServiceImpl,"sendSimpleMail/3[String,String,String]",content,1
MailServiceImpl,"sendInlineResourceMail/5[String,String,String,String,String]",rscId,1
MailServiceImpl,"sendInlineResourceMail/5[String,String,String,String,String]",res,1
MailServiceImpl,"sendInlineResourceMail/5[String,String,String,String,String]",helper,5
MailServiceImpl,"sendInlineResourceMail/5[String,String,String,String,String]",e,1
MailServiceImpl,"sendInlineResourceMail/5[String,String,String,String,String]",subject,1
MailServiceImpl,"sendInlineResourceMail/5[String,String,String,String,String]",to,1
MailServiceImpl,"sendInlineResourceMail/5[String,String,String,String,String]",rscPath,1
MailServiceImpl,"sendInlineResourceMail/5[String,String,String,String,String]",message,2
MailServiceImpl,"sendInlineResourceMail/5[String,String,String,String,String]",content,1
MailServiceImpl,"sendAttachmentsMail/4[String,String,String,String]",fileName,1
MailServiceImpl,"sendAttachmentsMail/4[String,String,String,String]",file,1
MailServiceImpl,"sendAttachmentsMail/4[String,String,String,String]",helper,5
MailServiceImpl,"sendAttachmentsMail/4[String,String,String,String]",e,1
MailServiceImpl,"sendAttachmentsMail/4[String,String,String,String]",subject,1
MailServiceImpl,"sendAttachmentsMail/4[String,String,String,String]",filePath,3
MailServiceImpl,"sendAttachmentsMail/4[String,String,String,String]",to,1
MailServiceImpl,"sendAttachmentsMail/4[String,String,String,String]",message,2
MailServiceImpl,"sendAttachmentsMail/4[String,String,String,String]",content,1
com.neo.entity.UserEntity,setPassWord/1[java.lang.String],passWord,2
com.neo.entity.UserEntity,setUserName/1[java.lang.String],userName,2
com.neo.entity.UserEntity,setId/1[java.lang.Long],id,2
NeoSender2,send/1[int],context,2
NeoSender2,send/1[int],i,1
Application,main/1[String[]],args,1
com.neo.AdminClientApplication,main/1[java.lang.String[]],args,1
FastDFSFile,"FastDFSFile/6[String,byte[],String,String,String,String]",ext,2
FastDFSFile,"FastDFSFile/6[String,byte[],String,String,String,String]",author,2
FastDFSFile,"FastDFSFile/6[String,byte[],String,String,String,String]",name,2
FastDFSFile,"FastDFSFile/6[String,byte[],String,String,String,String]",width,0
FastDFSFile,"FastDFSFile/6[String,byte[],String,String,String,String]",content,2
FastDFSFile,"FastDFSFile/6[String,byte[],String,String,String,String]",height,0
FastDFSFile,"FastDFSFile/3[String,byte[],String]",ext,2
FastDFSFile,"FastDFSFile/3[String,byte[],String]",name,2
FastDFSFile,"FastDFSFile/3[String,byte[],String]",content,2
FastDFSFile,setName/1[String],name,2
FastDFSFile,setContent/1[byte[]],content,2
FastDFSFile,setMd5/1[String],md5,2
FastDFSFile,setExt/1[String],ext,2
FastDFSFile,setAuthor/1[String],author,2
FastDFSClient,(initializer 1),e,1
FastDFSClient,(initializer 1),filePath,1
FastDFSClient,getStoreStorages/1[String],groupName,1
FastDFSClient,getStoreStorages/1[String],trackerClient,2
FastDFSClient,getStoreStorages/1[String],trackerServer,1
FastDFSClient,"downFile/2[String,String]",groupName,1
FastDFSClient,"downFile/2[String,String]",remoteFileName,1
FastDFSClient,"downFile/2[String,String]",fileByte,1
FastDFSClient,"downFile/2[String,String]",e,3
FastDFSClient,"downFile/2[String,String]",storageClient,1
FastDFSClient,"downFile/2[String,String]",ins,1
FastDFSClient,getTrackerClient/0,storageClient,1
FastDFSClient,getTrackerClient/0,trackerServer,1
FastDFSClient,"getFile/2[String,String]",groupName,1
FastDFSClient,"getFile/2[String,String]",remoteFileName,1
FastDFSClient,"getFile/2[String,String]",e,3
FastDFSClient,"getFile/2[String,String]",storageClient,1
FastDFSClient,"deleteFile/2[String,String]",groupName,1
FastDFSClient,"deleteFile/2[String,String]",remoteFileName,1
FastDFSClient,"deleteFile/2[String,String]",i,1
FastDFSClient,"deleteFile/2[String,String]",storageClient,1
FastDFSClient,"getFetchStorages/2[String,String]",groupName,1
FastDFSClient,"getFetchStorages/2[String,String]",remoteFileName,1
FastDFSClient,"getFetchStorages/2[String,String]",trackerClient,2
FastDFSClient,"getFetchStorages/2[String,String]",trackerServer,1
FastDFSClient,upload/1[FastDFSFile],uploadResults,5
FastDFSClient,upload/1[FastDFSFile],groupName,1
FastDFSClient,upload/1[FastDFSFile],file,7
FastDFSClient,upload/1[FastDFSFile],remoteFileName,1
FastDFSClient,upload/1[FastDFSFile],e,3
FastDFSClient,upload/1[FastDFSFile],meta_list,2
FastDFSClient,upload/1[FastDFSFile],startTime,1
FastDFSClient,upload/1[FastDFSFile],storageClient,4
FastDFSClient,getTrackerServer/0,trackerClient,1
FastDFSClient,getTrackerServer/0,trackerServer,1
com.neo.WebConfiguration$MyFilter,"doFilter/3[com.neo.ServletRequest,com.neo.ServletResponse,com.neo.FilterChain]",sresponse,1
com.neo.WebConfiguration$MyFilter,"doFilter/3[com.neo.ServletRequest,com.neo.ServletResponse,com.neo.FilterChain]",request,1
com.neo.WebConfiguration$MyFilter,"doFilter/3[com.neo.ServletRequest,com.neo.ServletResponse,com.neo.FilterChain]",srequest,2
com.neo.WebConfiguration$MyFilter,"doFilter/3[com.neo.ServletRequest,com.neo.ServletResponse,com.neo.FilterChain]",filterChain,1
com.neo.WebConfiguration$MyFilter,init/1[com.neo.FilterConfig],arg0,0
com.neo.service.impl.CustomersInterfaceImpl,"searchCity/3[java.lang.Integer,java.lang.Integer,java.lang.String]",pageNumber,0
com.neo.service.impl.CustomersInterfaceImpl,"searchCity/3[java.lang.Integer,java.lang.Integer,java.lang.String]",pageSize,0
com.neo.service.impl.CustomersInterfaceImpl,"searchCity/3[java.lang.Integer,java.lang.Integer,java.lang.String]",searchContent,0
com.neo.ShiroApplication,main/1[java.lang.String[]],args,1
com.neo.rabbit.topic.TopicReceiver,process/1[java.lang.String],message,1
com.neo.controller.VisitorController,index/1[com.neo.controller.HttpServletRequest],request,1
com.neo.controller.VisitorController,index/1[com.neo.controller.HttpServletRequest],ip,2
com.neo.controller.VisitorController,index/1[com.neo.controller.HttpServletRequest],visitor,9
com.neo.RedisApplication,main/1[java.lang.String[]],args,1
com.neo.config.MultipleMongoConfig,primaryFactory/1[com.neo.config.MongoProperties],mongo,1
com.neo.config.MultipleMongoConfig,primaryFactory/1[com.neo.config.MongoProperties],client,1
com.neo.config.MultipleMongoConfig,secondaryFactory/1[com.neo.config.MongoProperties],mongo,1
com.neo.config.MultipleMongoConfig,secondaryFactory/1[com.neo.config.MongoProperties],client,1
TopicReceiver,process/1[String],message,1
com.neo.Application,main/1[java.lang.String[]],args,1
com.neo.model.SysRole,setPermissions/1[java.util.List<com.neo.model.SysPermission>],permissions,2
com.neo.model.SysRole,setDescription/1[java.lang.String],description,2
com.neo.model.SysRole,setUserInfos/1[java.util.List<com.neo.model.UserInfo>],userInfos,2
com.neo.model.SysRole,setRole/1[java.lang.String],role,2
com.neo.model.SysRole,setId/1[java.lang.Integer],id,2
com.neo.model.SysRole,setAvailable/1[java.lang.Boolean],available,2
com.neo.rabbit.topic.TopicSender,send/0,context,2
com.neo.rabbit.topic.TopicSender,send1/0,context,2
com.neo.rabbit.topic.TopicSender,send2/0,context,2
com.neo.service.impl.UserServiceImpl,save/1[com.neo.model.User],user,1
com.neo.service.impl.UserServiceImpl,findUserById/1[long],id,1
com.neo.service.impl.UserServiceImpl,edit/1[com.neo.model.User],user,1
com.neo.service.impl.UserServiceImpl,delete/1[long],id,1
FileUploadWebApplication,tomcatEmbedded/0,connector,2
FileUploadWebApplication,tomcatEmbedded/0,tomcat,2
FileUploadWebApplication,main/1[String[]],args,1
com.neo.ActuatorApplication,main/1[java.lang.String[]],args,1
com.neo.repository.InMemoryMessageRepository,save/1[com.neo.model.Message],id,4
com.neo.repository.InMemoryMessageRepository,save/1[com.neo.model.Message],message,4
com.neo.repository.InMemoryMessageRepository,deleteMessage/1[java.lang.Long],id,1
com.neo.repository.InMemoryMessageRepository,findMessage/1[java.lang.Long],id,1
com.neo.model.repository.MuliDatabaseTest,TestSave/0,secondary,1
com.neo.model.repository.MuliDatabaseTest,TestSave/0,primaries,1
com.neo.model.repository.MuliDatabaseTest,TestSave/0,primary,1
com.neo.model.repository.MuliDatabaseTest,TestSave/0,secondaries,1
com.neo.JpaThymeleafApplication,main/1[java.lang.String[]],args,1
com.neo.JpaThymeleafApplication,configure/1[com.neo.SpringApplicationBuilder],application,1
TopicReceiver2,process/1[String],message,1
com.neo.datasource.DataSource2Config,testSqlSessionTemplate/1[com.neo.datasource.SqlSessionFactory],sqlSessionFactory,1
com.neo.datasource.DataSource2Config,testSqlSessionFactory/1[javax.sql.DataSource],dataSource,1
com.neo.datasource.DataSource2Config,testSqlSessionFactory/1[javax.sql.DataSource],bean,2
com.neo.datasource.DataSource2Config,testTransactionManager/1[javax.sql.DataSource],dataSource,1
com.neo.rabbit.hello.HelloSender,send/0,context,2
com.neo.ElasticsearchApplication,main/1[java.lang.String[]],args,1
com.neo.config.SecondaryConfig,transactionManagerSecondary/1[com.neo.config.EntityManagerFactoryBuilder],builder,1
com.neo.config.SecondaryConfig,entityManagerFactorySecondary/1[com.neo.config.EntityManagerFactoryBuilder],builder,1
com.neo.config.SecondaryConfig,entityManager/1[com.neo.config.EntityManagerFactoryBuilder],builder,1
ProPertiesTest,testMap/0,xx,0
ProPertiesTest,testMap/0,orderMinTime,1
com.neo.ThymeleafApplication,main/1[java.lang.String[]],args,1
FanoutSender,send/0,context,2
com.neo.repository.CustomerRepository,findByAddress/1[java.lang.String],address,0
com.neo.repository.CustomerRepository,findByUserName/1[java.lang.String],userName,0
com.neo.repository.CustomerRepository,deleteByUserName/1[java.lang.String],userName,0
com.neo.repository.CustomerRepository,"findByAddress/2[java.lang.String,com.neo.repository.Pageable]",address,0
com.neo.repository.CustomerRepository,"findByAddress/2[java.lang.String,com.neo.repository.Pageable]",pageable,0
com.neo.rabbit.topic.TopicReceiver2,process/1[java.lang.String],message,1
com.neo.rabbit.FanoutRabbitConfig,"bindingExchangeB/2[com.neo.rabbit.Queue,com.neo.rabbit.FanoutExchange]",BMessage,1
com.neo.rabbit.FanoutRabbitConfig,"bindingExchangeB/2[com.neo.rabbit.Queue,com.neo.rabbit.FanoutExchange]",fanoutExchange,1
com.neo.rabbit.FanoutRabbitConfig,"bindingExchangeA/2[com.neo.rabbit.Queue,com.neo.rabbit.FanoutExchange]",fanoutExchange,1
com.neo.rabbit.FanoutRabbitConfig,"bindingExchangeA/2[com.neo.rabbit.Queue,com.neo.rabbit.FanoutExchange]",AMessage,1
com.neo.rabbit.FanoutRabbitConfig,"bindingExchangeC/2[com.neo.rabbit.Queue,com.neo.rabbit.FanoutExchange]",CMessage,1
com.neo.rabbit.FanoutRabbitConfig,"bindingExchangeC/2[com.neo.rabbit.Queue,com.neo.rabbit.FanoutExchange]",fanoutExchange,1
com.neo.MAMApplication,main/1[java.lang.String[]],args,1
User1MapperTest,testQuery/0,users,3
User1MapperTest,testUpdate/0,id,2
User1MapperTest,testUpdate/0,user,3
MailServiceTest,sendInlineResourceMail/0,rscId,2
MailServiceTest,sendInlineResourceMail/0,imgPath,1
MailServiceTest,sendInlineResourceMail/0,content,1
MailServiceTest,testHtmlMail/0,content,1
MailServiceTest,sendTemplateMail/0,emailContent,1
MailServiceTest,sendTemplateMail/0,context,2
MailServiceTest,sendAttachmentsMail/0,filePath,1
com.neo.FastDFSApplication,main/1[java.lang.String[]],args,1
com.neo.FastDFSApplication,tomcatEmbedded/0,connector,2
com.neo.FastDFSApplication,tomcatEmbedded/0,tomcat,2
com.neo.mapper.UserMapperTest,testQuery/0,users,1
com.neo.mapper.UserMapperTest,testUpdate/0,user,3
com.neo.mapper.test1.User1Mapper,update/1[com.neo.model.User],user,0
com.neo.mapper.test1.User1Mapper,insert/1[com.neo.model.User],user,0
com.neo.mapper.test1.User1Mapper,getOne/1[java.lang.Long],id,0
com.neo.mapper.test1.User1Mapper,delete/1[java.lang.Long],id,0
com.neo.repository.CustomerRepositoryTest$Anonymous1,extract/1[com.neo.repository.SearchResponse],response,1
com.neo.service.MailServiceTest,sendInlineResourceMail/0,rscId,2
com.neo.service.MailServiceTest,sendInlineResourceMail/0,imgPath,1
com.neo.service.MailServiceTest,sendInlineResourceMail/0,content,1
com.neo.service.MailServiceTest,testHtmlMail/0,content,1
com.neo.service.MailServiceTest,sendTemplateMail/0,emailContent,1
com.neo.service.MailServiceTest,sendTemplateMail/0,context,2
com.neo.service.MailServiceTest,sendAttachmentsMail/0,filePath,1
com.neo.fastdfs.FastDFSClient,(initializer 1),e,1
com.neo.fastdfs.FastDFSClient,(initializer 1),filePath,1
com.neo.fastdfs.FastDFSClient,"downFile/2[java.lang.String,java.lang.String]",groupName,1
com.neo.fastdfs.FastDFSClient,"downFile/2[java.lang.String,java.lang.String]",remoteFileName,1
com.neo.fastdfs.FastDFSClient,"downFile/2[java.lang.String,java.lang.String]",fileByte,1
com.neo.fastdfs.FastDFSClient,"downFile/2[java.lang.String,java.lang.String]",e,3
com.neo.fastdfs.FastDFSClient,"downFile/2[java.lang.String,java.lang.String]",ins,1
com.neo.fastdfs.FastDFSClient,"getFetchStorages/2[java.lang.String,java.lang.String]",groupName,1
com.neo.fastdfs.FastDFSClient,"getFetchStorages/2[java.lang.String,java.lang.String]",remoteFileName,1
com.neo.fastdfs.FastDFSClient,getStoreStorages/1[java.lang.String],groupName,1
com.neo.fastdfs.FastDFSClient,"getFile/2[java.lang.String,java.lang.String]",groupName,1
com.neo.fastdfs.FastDFSClient,"getFile/2[java.lang.String,java.lang.String]",remoteFileName,1
com.neo.fastdfs.FastDFSClient,"getFile/2[java.lang.String,java.lang.String]",e,3
com.neo.fastdfs.FastDFSClient,upload/1[com.neo.fastdfs.FastDFSFile],uploadResults,5
com.neo.fastdfs.FastDFSClient,upload/1[com.neo.fastdfs.FastDFSFile],groupName,1
com.neo.fastdfs.FastDFSClient,upload/1[com.neo.fastdfs.FastDFSFile],file,7
com.neo.fastdfs.FastDFSClient,upload/1[com.neo.fastdfs.FastDFSFile],remoteFileName,1
com.neo.fastdfs.FastDFSClient,upload/1[com.neo.fastdfs.FastDFSFile],e,3
com.neo.fastdfs.FastDFSClient,upload/1[com.neo.fastdfs.FastDFSFile],meta_list,2
com.neo.fastdfs.FastDFSClient,upload/1[com.neo.fastdfs.FastDFSFile],startTime,1
com.neo.fastdfs.FastDFSClient,"deleteFile/2[java.lang.String,java.lang.String]",groupName,1
com.neo.fastdfs.FastDFSClient,"deleteFile/2[java.lang.String,java.lang.String]",remoteFileName,1
com.neo.fastdfs.FastDFSClient,"deleteFile/2[java.lang.String,java.lang.String]",i,1
ThymeleafApplicationTests,createURLWithPort/1[String],uri,1
ThymeleafApplicationTests,testHome/0,entity,3
ThymeleafApplicationTests,testCreate/0,location,1
ThymeleafApplicationTests,testCreate/0,map,3
ThymeleafApplicationTests,testCss/0,response,0
ThymeleafApplicationTests,testCss/0,entity,3
com.neo.controller.UploadController,"singleFileUpload/2[com.neo.controller.MultipartFile,com.neo.controller.RedirectAttributes]",path,1
com.neo.controller.UploadController,"singleFileUpload/2[com.neo.controller.MultipartFile,com.neo.controller.RedirectAttributes]",file,4
com.neo.controller.UploadController,"singleFileUpload/2[com.neo.controller.MultipartFile,com.neo.controller.RedirectAttributes]",e,1
com.neo.controller.UploadController,"singleFileUpload/2[com.neo.controller.MultipartFile,com.neo.controller.RedirectAttributes]",bytes,1
com.neo.controller.UploadController,"singleFileUpload/2[com.neo.controller.MultipartFile,com.neo.controller.RedirectAttributes]",dir,2
com.neo.controller.UploadController,"singleFileUpload/2[com.neo.controller.MultipartFile,com.neo.controller.RedirectAttributes]",redirectAttributes,3
com.neo.sevice.impl.UserInfoServiceImpl,findByUsername/1[java.lang.String],username,1
com.neo.MXMApplication,main/1[java.lang.String[]],args,1
com.neo.rabbit.TopicRabbitConfig,"bindingExchangeMessages/2[com.neo.rabbit.Queue,com.neo.rabbit.TopicExchange]",exchange,1
com.neo.rabbit.TopicRabbitConfig,"bindingExchangeMessages/2[com.neo.rabbit.Queue,com.neo.rabbit.TopicExchange]",queueMessages,1
com.neo.rabbit.TopicRabbitConfig,"bindingExchangeMessage/2[com.neo.rabbit.Queue,com.neo.rabbit.TopicExchange]",exchange,1
com.neo.rabbit.TopicRabbitConfig,"bindingExchangeMessage/2[com.neo.rabbit.Queue,com.neo.rabbit.TopicExchange]",queueMessage,1
com.neo.model.SysPermission,setPermission/1[java.lang.String],permission,2
com.neo.model.SysPermission,setResourceType/1[java.lang.String],resourceType,2
com.neo.model.SysPermission,setName/1[java.lang.String],name,2
com.neo.model.SysPermission,setParentIds/1[java.lang.String],parentIds,2
com.neo.model.SysPermission,setUrl/1[java.lang.String],url,2
com.neo.model.SysPermission,setId/1[java.lang.Integer],id,2
com.neo.model.SysPermission,setParentId/1[java.lang.Long],parentId,2
com.neo.model.SysPermission,setRoles/1[java.util.List<com.neo.model.SysRole>],roles,2
com.neo.model.SysPermission,setAvailable/1[java.lang.Boolean],available,2
User,setPassWord/1[String],passWord,2
User,setEmail/1[String],email,2
User,setUserName/1[String],userName,2
User,setRegTime/1[String],regTime,2
User,"User/5[String,String,String,String,String]",passWord,2
User,"User/5[String,String,String,String,String]",regTime,2
User,"User/5[String,String,String,String,String]",nickName,2
User,"User/5[String,String,String,String,String]",userName,2
User,"User/5[String,String,String,String,String]",email,2
User,setId/1[Long],id,2
User,setNickName/1[String],nickName,2
Message,setCreated/1[Calendar],created,2
Message,setText/1[String],text,2
Message,setSummary/1[String],summary,2
Message,setId/1[Long],id,2
com.neo.MultiMongodbApplication,main/1[java.lang.String[]],args,1
com.neo.CommandLineRunnerApplication,main/1[java.lang.String[]],args,1
ManyTest,oneToMany/0,i,3
ManyTest,manyToMany/0,i,4
com.neo.entity.Visitor,setTimes/1[long],times,2
com.neo.entity.Visitor,setId/1[long],id,2
com.neo.entity.Visitor,setIp/1[java.lang.String],ip,2
com.neo.MemcacheApplication,main/1[java.lang.String[]],args,1
MessageRepository,findMessage/1[Long],id,0
MessageRepository,save/1[Message],message,0
MessageRepository,deleteMessage/1[Long],id,0
com.neo.AdminServerApplication,main/1[java.lang.String[]],args,1
com.neo.web.HelloController,"hello/2[com.neo.web.Model,java.lang.String]",name,1
com.neo.web.HelloController,"hello/2[com.neo.web.Model,java.lang.String]",model,1
UserInfoServiceImpl,findByUsername/1[String],username,1
com.neo.web.ThymeleafController,"hello/2[java.util.Locale,com.neo.web.Model]",date,1
com.neo.web.ThymeleafController,"hello/2[java.util.Locale,com.neo.web.Model]",dateFormat,1
com.neo.web.ThymeleafController,"hello/2[java.util.Locale,com.neo.web.Model]",formattedDate,1
com.neo.web.ThymeleafController,"hello/2[java.util.Locale,com.neo.web.Model]",model,2
com.neo.web.ThymeleafController,"hello/2[java.util.Locale,com.neo.web.Model]",locale,1
com.neo.repository.UserDetailRepository,findUserInfo/1[java.lang.String],hobby,0
com.neo.repository.UserDetailRepository,findByHobby/1[java.lang.String],hobby,0
MessageController,createForm/1[Message],message,0
MessageController,modifyForm/1[Message],message,1
MessageController,view/1[Message],message,1
MessageController,delete/1[Long],messages,1
MessageController,delete/1[Long],id,1
MessageController,list/0,messages,1
MessageController,MessageController/1[MessageRepository],messageRepository,2
MessageController,"create/3[Message,BindingResult,RedirectAttributes]",result,2
MessageController,"create/3[Message,BindingResult,RedirectAttributes]",redirect,1
MessageController,"create/3[Message,BindingResult,RedirectAttributes]",message,3
com.neo.runner.Runner,run/1[java.lang.String[]],args,0
UserService,edit/1[User],user,0
UserService,delete/1[long],id,0
UserService,findUserById/1[long],id,0
UserService,save/1[User],user,0
HelloSender,send/0,context,2
FanoutRabbitConfig,"bindingExchangeA/2[Queue,FanoutExchange]",fanoutExchange,1
FanoutRabbitConfig,"bindingExchangeA/2[Queue,FanoutExchange]",AMessage,1
FanoutRabbitConfig,"bindingExchangeB/2[Queue,FanoutExchange]",BMessage,1
FanoutRabbitConfig,"bindingExchangeB/2[Queue,FanoutExchange]",fanoutExchange,1
FanoutRabbitConfig,"bindingExchangeC/2[Queue,FanoutExchange]",CMessage,1
FanoutRabbitConfig,"bindingExchangeC/2[Queue,FanoutExchange]",fanoutExchange,1
com.neo.WebConfiguration,testFilterRegistration/0,registration,6
com.neo.controller.UserController,deleteUser/1[java.lang.Long],id,1
com.neo.controller.UserController,ignoreMe/1[java.lang.Long],id,1
com.neo.controller.UserController,getUser/1[java.lang.Long],id,1
com.neo.controller.UserController,postUser/1[com.neo.model.User],user,3
com.neo.controller.UserController,"putUser/2[java.lang.Long,com.neo.model.User]",u,4
com.neo.controller.UserController,"putUser/2[java.lang.Long,com.neo.model.User]",id,2
com.neo.controller.UserController,"putUser/2[java.lang.Long,com.neo.model.User]",user,2
MailService,"sendInlineResourceMail/5[String,String,String,String,String]",rscId,0
MailService,"sendInlineResourceMail/5[String,String,String,String,String]",subject,0
MailService,"sendInlineResourceMail/5[String,String,String,String,String]",to,0
MailService,"sendInlineResourceMail/5[String,String,String,String,String]",rscPath,0
MailService,"sendInlineResourceMail/5[String,String,String,String,String]",content,0
MailService,"sendSimpleMail/3[String,String,String]",subject,0
MailService,"sendSimpleMail/3[String,String,String]",to,0
MailService,"sendSimpleMail/3[String,String,String]",content,0
MailService,"sendHtmlMail/3[String,String,String]",subject,0
MailService,"sendHtmlMail/3[String,String,String]",to,0
MailService,"sendHtmlMail/3[String,String,String]",content,0
MailService,"sendAttachmentsMail/4[String,String,String,String]",subject,0
MailService,"sendAttachmentsMail/4[String,String,String,String]",filePath,0
MailService,"sendAttachmentsMail/4[String,String,String,String]",to,0
MailService,"sendAttachmentsMail/4[String,String,String,String]",content,0
com.neo.thymeleaf.HelloController,"hello/2[com.neo.thymeleaf.Model,java.lang.String]",name,1
com.neo.thymeleaf.HelloController,"hello/2[com.neo.thymeleaf.Model,java.lang.String]",model,1
WebConfiguration,testFilterRegistration/0,registration,6
